Year,Week,Resort,Visitors,MaxTemp,MinTemp,Rainfall
2014,1,Mt. Baw Baw,555,4.957142857142857,1.1,24.4
2014,2,Mt. Baw Baw,804,5.485714285714286,0.8142857142857143,21.0
2014,3,Mt. Baw Baw,993,1.042857142857143,-1.8142857142857143,76.4
2014,4,Mt. Baw Baw,2976,2.5285714285714285,-0.9571428571428572,82.0
2014,5,Mt. Baw Baw,11112,0.6857142857142857,-2.257142857142857,82.6
2014,6,Mt. Baw Baw,13381,1.0142857142857142,-2.4285714285714284,57.599999999999994
2014,7,Mt. Baw Baw,8832,3.7857142857142856,0.014285714285714322,8.4
2014,8,Mt. Baw Baw,9347,1.6999999999999997,-2.1714285714285713,56.0
2014,9,Mt. Baw Baw,10071,2.1142857142857143,-2.0142857142857142,11.600000000000001
2014,10,Mt. Baw Baw,11071,3.542857142857143,-2.1142857142857143,23.2
2014,11,Mt. Baw Baw,10079,5.285714285714286,-0.05714285714285713,22.0
2014,12,Mt. Baw Baw,7635,8.257142857142856,1.8285714285714287,6.8
2014,13,Mt. Baw Baw,4681,5.814285714285715,-0.3142857142857142,40.6
2014,14,Mt. Baw Baw,1904,5.671428571428572,1.0142857142857145,34.4
2014,15,Mt. Baw Baw,0,4.728571428571429,-0.6428571428571429,51.8
2015,1,Mt. Baw Baw,3185,6.271428571428571,-3.172065784643304e-17,20.400000000000002
2015,2,Mt. Baw Baw,2058,2.8857142857142857,-0.9571428571428572,25.400000000000002
2015,3,Mt. Baw Baw,1745,6.242857142857143,-0.07142857142857142,0.7999999999999999
2015,4,Mt. Baw Baw,2751,1.0285714285714287,-2.0142857142857142,21.2
2015,5,Mt. Baw Baw,6748,1.5857142857142856,-1.5142857142857142,98.2
2015,6,Mt. Baw Baw,8269,0.2857142857142857,-3.6714285714285713,84.0
2015,7,Mt. Baw Baw,8219,0.9714285714285715,-1.7142857142857142,24.0
2015,8,Mt. Baw Baw,8600,-0.0285714285714286,-3.442857142857143,54.0
2015,9,Mt. Baw Baw,8932,0.8714285714285716,-3.185714285714286,81.0
2015,10,Mt. Baw Baw,10429,1.3142857142857143,-1.8714285714285717,20.0
2015,11,Mt. Baw Baw,10927,4.157142857142857,-0.6428571428571427,26.6
2015,12,Mt. Baw Baw,9027,1.3714285714285714,-2.6999999999999997,90.0
2015,13,Mt. Baw Baw,6236,3.7,-1.5571428571428572,8.2
2015,14,Mt. Baw Baw,4387,8.785714285714286,1.4714285714285713,25.6
2015,15,Mt. Baw Baw,2247,5.2,0.15714285714285722,24.6
2016,1,Mt. Baw Baw,1154,5.271428571428571,-0.32857142857142846,44.4
2016,2,Mt. Baw Baw,1298,4.4714285714285715,2.0,71.39999999999999
2016,3,Mt. Baw Baw,2306,-0.27142857142857146,-3.128571428571429,29.4
2016,4,Mt. Baw Baw,8796,1.557142857142857,-1.2428571428571427,70.4
2016,5,Mt. Baw Baw,7976,1.8857142857142857,-0.5714285714285714,68.2
2016,6,Mt. Baw Baw,6614,4.8999999999999995,-0.4857142857142857,10.8
2016,7,Mt. Baw Baw,5267,1.4285714285714286,-2.414285714285714,64.2
2016,8,Mt. Baw Baw,6394,1.8285714285714287,-1.2142857142857142,58.8
2016,9,Mt. Baw Baw,6676,1.9714285714285713,-1.9857142857142858,9.200000000000001
2016,10,Mt. Baw Baw,5593,4.0,-0.6857142857142858,8.8
2016,11,Mt. Baw Baw,3979,2.8285714285714287,-1.1285714285714286,35.400000000000006
2016,12,Mt. Baw Baw,3909,3.1999999999999997,-0.9142857142857144,27.200000000000003
2016,13,Mt. Baw Baw,1373,7.742857142857143,1.3714285714285714,41.2
2016,14,Mt. Baw Baw,0,5.585714285714286,2.1142857142857143,36.8
2016,15,Mt. Baw Baw,0,4.557142857142857,-0.9833333333333334,31.200000000000003
2017,1,Mt. Baw Baw,3569,6.814285714285715,1.4857142857142858,5.4
2017,2,Mt. Baw Baw,798,5.828571428571428,0.24285714285714288,4.2
2017,3,Mt. Baw Baw,846,0.14285714285714285,-2.4714285714285715,14.200000000000001
2017,4,Mt. Baw Baw,3486,1.8,-2.6999999999999997,42.8
2017,5,Mt. Baw Baw,5981,0.8142857142857143,-2.6571428571428575,7.6000000000000005
2017,6,Mt. Baw Baw,9132,1.0285714285714287,-2.1714285714285713,45.800000000000004
2017,7,Mt. Baw Baw,7286,2.185714285714286,-2.257142857142857,33.4
2017,8,Mt. Baw Baw,5799,3.6999999999999997,-1.6142857142857143,17.8
2017,9,Mt. Baw Baw,5331,1.8714285714285717,-1.5285714285714285,56.4
2017,10,Mt. Baw Baw,6311,3.457142857142857,-0.05714285714285715,47.2
2017,11,Mt. Baw Baw,5884,0.17142857142857146,-3.542857142857143,62.8
2017,12,Mt. Baw Baw,4921,0.35714285714285715,-4.257142857142857,30.4
2017,13,Mt. Baw Baw,4086,2.442857142857143,-1.842857142857143,38.6
2017,14,Mt. Baw Baw,5565,3.1,-1.2428571428571427,104.6
2017,15,Mt. Baw Baw,3409,4.828571428571428,-2.9857142857142853,63.8
2018,1,Mt. Baw Baw,2753,2.6142857142857143,-0.18571428571428572,22.8
2018,2,Mt. Baw Baw,2102,2.1999999999999997,-2.0166666666666666,178.2
2018,3,Mt. Baw Baw,5768,2.857142857142857,-1.0714285714285714,3.8
2018,4,Mt. Baw Baw,7058,3.6285714285714286,0.13333333333333328,14.2
2018,5,Mt. Baw Baw,11141,1.0285714285714287,-2.4714285714285715,66.6
2018,6,Mt. Baw Baw,18031,2.2666666666666666,-2.6999999999999997,11.4
2018,7,Mt. Baw Baw,8803,1.2857142857142858,-2.3666666666666667,15.8
2018,8,Mt. Baw Baw,7966,2.8714285714285714,-1.4142857142857144,24.8
2018,9,Mt. Baw Baw,8950,1.8142857142857143,-2.6,39.4
2018,10,Mt. Baw Baw,7621,1.6428571428571428,-2.1,30.0
2018,11,Mt. Baw Baw,6837,0.38571428571428573,-3.5799999999999996,67.8
2018,12,Mt. Baw Baw,10011,3.0142857142857147,-2.8714285714285714,13.4
2018,13,Mt. Baw Baw,6751,3.1,-1.4666666666666668,36.599999999999994
2018,14,Mt. Baw Baw,5793,7.885714285714286,0.18571428571428564,2.6
2018,15,Mt. Baw Baw,4064,3.4285714285714284,-2.0571428571428574,36.0
2019,1,Mt. Baw Baw,6393,6.466666666666666,1.6666666666666667,15.200000000000001
2019,2,Mt. Baw Baw,4311,1.1666666666666667,-1.9142857142857144,44.8
2019,3,Mt. Baw Baw,5341,6.042857142857143,0.5142857142857142,0.2
2019,4,Mt. Baw Baw,6645,4.083333333333333,-0.8142857142857143,14.4
2019,5,Mt. Baw Baw,10595,2.033333333333333,-1.0857142857142856,42.0
2019,6,Mt. Baw Baw,9056,1.9333333333333333,-2.233333333333333,99.19999999999999
2019,7,Mt. Baw Baw,9515,3.1714285714285713,-0.9833333333333334,12.0
2019,8,Mt. Baw Baw,10134,3.685714285714286,-1.7285714285714284,11.8
2019,9,Mt. Baw Baw,10039,0.7285714285714285,-2.6142857142857143,71.2
2019,10,Mt. Baw Baw,4004,1.7714285714285716,-2.642857142857143,127.8
2019,11,Mt. Baw Baw,12128,3.7857142857142856,-2.6142857142857143,55.800000000000004
2019,12,Mt. Baw Baw,10255,3.400000000000001,-2.642857142857143,43.4
2019,13,Mt. Baw Baw,8502,5.6000000000000005,0.5,44.8
2019,14,Mt. Baw Baw,6878,5.133333333333334,-1.757142857142857,101.6
2019,15,Mt. Baw Baw,6089,7.314285714285715,0.6285714285714287,47.400000000000006
2020,1,Mt. Baw Baw,1074,5.357142857142857,0.13999999999999999,20.400000000000002
2020,2,Mt. Baw Baw,544,3.6142857142857143,0.21428571428571433,20.2
2020,3,Mt. Baw Baw,603,3.2714285714285714,-1.4285714285714286,55.0
2020,4,Mt. Baw Baw,2168,2.3000000000000003,-1.4166666666666667,61.4
2020,5,Mt. Baw Baw,4055,3.4199999999999995,-1.850371707708594e-17,75.8
2020,6,Mt. Baw Baw,2945,3.685714285714286,-0.8500000000000001,26.6
2020,7,Mt. Baw Baw,1149,3.5142857142857147,-1.3333333333333333,23.799999999999997
2020,8,Mt. Baw Baw,941,5.933333333333334,-0.19999999999999996,67.8
2020,9,Mt. Baw Baw,834,-0.32,-3.8000000000000003,42.0
2020,10,Mt. Baw Baw,0,4.714285714285714,0.6833333333333332,88.8
2020,11,Mt. Baw Baw,0,-0.21666666666666665,-2.8428571428571425,113.2
2020,12,Mt. Baw Baw,0,3.2833333333333337,-1.5714285714285714,28.799999999999997
2020,13,Mt. Baw Baw,0,8.299999999999999,-0.11666666666666677,6.0
2020,14,Mt. Baw Baw,0,9.175,2.1714285714285717,4.0
2020,15,Mt. Baw Baw,0,10.557142857142855,2.7800000000000002,0.2
2021,1,Mt. Baw Baw,334,4.64,-0.575,349.6
2021,2,Mt. Baw Baw,941,2.6999999999999997,-0.4714285714285715,27.0
2021,3,Mt. Baw Baw,2614,4.257142857142857,-0.04285714285714283,28.799999999999997
2021,4,Mt. Baw Baw,8833,1.657142857142857,-1.4285714285714286,21.6
2021,5,Mt. Baw Baw,11910,3.466666666666667,-1.3,1.4
2021,6,Mt. Baw Baw,2430,1.0142857142857142,-1.6428571428571428,57.6
2021,7,Mt. Baw Baw,3,0.85,-3.185714285714286,45.4
2021,8,Mt. Baw Baw,3274,1.957142857142857,-1.7857142857142858,33.2
2021,9,Mt. Baw Baw,1757,2.6285714285714286,-1.0714285714285714,38.8
2021,10,Mt. Baw Baw,2392,3.371428571428571,-0.7285714285714285,33.0
2021,11,Mt. Baw Baw,1948,4.628571428571428,0.07142857142857142,59.2
2021,12,Mt. Baw Baw,0,2.6857142857142855,-1.6285714285714286,45.2
2021,13,Mt. Baw Baw,0,7.028571428571429,2.3285714285714287,116.0
2021,14,Mt. Baw Baw,176,6.428571428571429,-1.3285714285714287,13.200000000000001
2021,15,Mt. Baw Baw,475,4.114285714285715,-1.6857142857142855,83.8
2022,1,Mt. Baw Baw,8513,1.1428571428571428,-1.7142857142857142,41.6
2022,2,Mt. Baw Baw,6516,3.3714285714285714,0.3,40.2
2022,3,Mt. Baw Baw,5609,2.6999999999999997,-1.0571428571428572,37.6
2022,4,Mt. Baw Baw,10614,4.6571428571428575,-1.6285714285714286,0.0
2022,5,Mt. Baw Baw,11092,0.5714285714285714,-1.342857142857143,47.8
2022,6,Mt. Baw Baw,9082,0.7571428571428572,-3.5714285714285716,66.2
2022,7,Mt. Baw Baw,8570,4.957142857142857,-0.19999999999999998,27.6
2022,8,Mt. Baw Baw,7825,2.142857142857143,-2.557142857142857,52.8
2022,9,Mt. Baw Baw,7810,2.4142857142857146,-1.0714285714285714,29.6
2022,10,Mt. Baw Baw,6587,3.4,-0.7428571428571429,73.6
2022,11,Mt. Baw Baw,7939,1.6285714285714286,-2.6142857142857143,108.2
2022,12,Mt. Baw Baw,6782,6.642857142857143,0.1857142857142857,71.0
2022,13,Mt. Baw Baw,4750,4.5285714285714285,-2.2285714285714286,27.6
2022,14,Mt. Baw Baw,3009,2.557142857142857,-0.7571428571428571,70.6
2022,15,Mt. Baw Baw,2262,5.471428571428571,0.0,49.0
2023,1,Mt. Baw Baw,1218,2.4714285714285715,-1.1285714285714286,32.4
2023,2,Mt. Baw Baw,2458,1.157142857142857,-2.2857142857142856,53.6
2023,3,Mt. Baw Baw,7129,0.6285714285714287,-1.6428571428571428,43.6
2023,4,Mt. Baw Baw,17116,3.7285714285714286,-0.15714285714285717,26.599999999999998
2023,5,Mt. Baw Baw,14690,3.1,-0.6285714285714287,22.400000000000002
2023,6,Mt. Baw Baw,9419,4.557142857142858,-0.7714285714285715,12.0
2023,7,Mt. Baw Baw,10343,5.014285714285714,-0.12857142857142861,19.6
2023,8,Mt. Baw Baw,10041,5.8,1.0571428571428572,10.0
2023,9,Mt. Baw Baw,7015,5.257142857142857,0.14285714285714285,11.8
2023,10,Mt. Baw Baw,7481,1.9142857142857144,-1.9285714285714286,19.8
2023,11,Mt. Baw Baw,4999,5.442857142857143,-0.5714285714285714,48.0
2023,12,Mt. Baw Baw,3680,7.042857142857143,2.085714285714286,43.400000000000006
2023,13,Mt. Baw Baw,1265,8.657142857142857,-0.21428571428571436,39.2
2023,14,Mt. Baw Baw,0,6.542857142857143,0.38571428571428573,32.4
2023,15,Mt. Baw Baw,0,10.828571428571427,5.385714285714286,29.0
2024,1,Mt. Baw Baw,1558,1.8142857142857143,-1.5,73.60000000000001
2024,2,Mt. Baw Baw,1546,1.7714285714285711,-2.757142857142857,17.200000000000003
2024,3,Mt. Baw Baw,1695,3.057142857142857,-1.0,10.0
2024,4,Mt. Baw Baw,4457,3.1571428571428575,-2.0,45.0
2024,5,Mt. Baw Baw,11079,4.057142857142857,0.7571428571428571,102.80000000000001
2024,6,Mt. Baw Baw,9830,0.4428571428571428,-2.685714285714286,216.39999999999998
2024,7,Mt. Baw Baw,9456,3.314285714285714,-0.5142857142857143,38.800000000000004
2024,8,Mt. Baw Baw,8513,4.257142857142857,-2.0571428571428574,54.6
2024,9,Mt. Baw Baw,9635,3.9428571428571426,-0.5571428571428572,1.0
2024,10,Mt. Baw Baw,8121,8.885714285714286,3.185714285714286,4.4
2024,11,Mt. Baw Baw,5977,6.1571428571428575,1.6500000000000001,26.2
2024,12,Mt. Baw Baw,3597,5.428571428571429,0.9285714285714286,23.6
2024,13,Mt. Baw Baw,1500,7.142857142857143,-0.09999999999999994,50.6
2024,14,Mt. Baw Baw,0,5.628571428571428,-0.11666666666666659,45.8
2024,15,Mt. Baw Baw,0,2.085714285714286,-2.0285714285714285,92.6
2014,1,Mt. Stirling,60,4.271428571428571,-0.014285714285714266,14.2
2014,2,Mt. Stirling,42,5.257142857142857,-0.34285714285714286,47.6
2014,3,Mt. Stirling,30,0.3857142857142857,-2.5142857142857147,133.6
2014,4,Mt. Stirling,165,0.9571428571428572,-1.8571428571428572,80.0
2014,5,Mt. Stirling,645,-0.2857142857142857,-3.4,71.4
2014,6,Mt. Stirling,1316,-1.0,-3.585714285714286,37.2
2014,7,Mt. Stirling,684,2.3714285714285714,-1.5142857142857142,26.4
2014,8,Mt. Stirling,1250,0.4428571428571428,-2.985714285714286,101.0
2014,9,Mt. Stirling,1280,1.157142857142857,-3.5142857142857147,6.6000000000000005
2014,10,Mt. Stirling,1653,3.7142857142857144,-3.8714285714285714,5.0
2014,11,Mt. Stirling,902,4.314285714285715,-0.32857142857142857,0.4
2014,12,Mt. Stirling,847,7.0857142857142845,1.1714285714285713,0.6000000000000001
2014,13,Mt. Stirling,522,4.414285714285714,-1.7,29.8
2014,14,Mt. Stirling,267,5.271428571428571,0.27142857142857146,33.6
2014,15,Mt. Stirling,66,4.8428571428571425,-1.5142857142857142,20.8
2015,1,Mt. Stirling,39,6.5,0.1857142857142857,17.8
2015,2,Mt. Stirling,63,2.8000000000000003,-1.9285714285714286,8.0
2015,3,Mt. Stirling,51,6.414285714285714,-0.5571428571428572,0.6
2015,4,Mt. Stirling,27,-0.08571428571428574,-3.8857142857142857,11.799999999999999
2015,5,Mt. Stirling,69,0.6285714285714287,-3.0142857142857147,45.8
2015,6,Mt. Stirling,240,-1.1428571428571428,-5.2,25.8
2015,7,Mt. Stirling,714,0.2285714285714285,-2.4714285714285715,56.8
2015,8,Mt. Stirling,558,-0.014285714285714235,-4.328571428571428,68.0
2015,9,Mt. Stirling,1218,-0.6285714285714284,-4.628571428571428,25.6
2015,10,Mt. Stirling,1371,0.2571428571428572,-2.2285714285714286,28.599999999999998
2015,11,Mt. Stirling,1146,3.142857142857143,-1.8571428571428572,2.8000000000000003
2015,12,Mt. Stirling,744,2.1285714285714286,-2.8285714285714287,24.6
2015,13,Mt. Stirling,618,3.4857142857142853,-1.3142857142857143,12.600000000000001
2015,14,Mt. Stirling,429,7.185714285714285,0.25714285714285723,14.0
2015,15,Mt. Stirling,249,6.514285714285714,-0.2857142857142857,12.4
2016,1,Mt. Stirling,39,5.3999999999999995,-0.8571428571428571,93.0
2016,2,Mt. Stirling,36,3.414285714285714,0.29999999999999993,99.8
2016,3,Mt. Stirling,186,-1.0714285714285714,-4.242857142857143,55.6
2016,4,Mt. Stirling,480,0.0,-2.0142857142857142,39.8
2016,5,Mt. Stirling,711,0.6571428571428571,-1.1142857142857143,40.0
2016,6,Mt. Stirling,840,5.2,-1.1857142857142857,27.2
2016,7,Mt. Stirling,694,0.9285714285714286,-2.8428571428571425,123.60000000000001
2016,8,Mt. Stirling,1326,0.32857142857142857,-2.2285714285714286,92.4
2016,9,Mt. Stirling,1122,1.5571428571428572,-2.9285714285714284,20.8
2016,10,Mt. Stirling,1149,2.4714285714285715,-1.8571428571428572,28.4
2016,11,Mt. Stirling,708,1.7285714285714284,-1.8857142857142857,133.79999999999998
2016,12,Mt. Stirling,735,1.8857142857142857,-2.6714285714285713,35.0
2016,13,Mt. Stirling,198,6.514285714285714,1.0,15.8
2016,14,Mt. Stirling,102,4.642857142857143,1.1142857142857143,78.6
2016,15,Mt. Stirling,87,3.0,-2.0714285714285716,49.4
2017,1,Mt. Stirling,96,7.014285714285714,0.42857142857142855,0.0
2017,2,Mt. Stirling,33,6.3428571428571425,0.7,0.0
2017,3,Mt. Stirling,72,-0.5285714285714286,-3.242857142857143,10.4
2017,4,Mt. Stirling,132,1.2285714285714289,-2.9857142857142853,79.2
2017,5,Mt. Stirling,162,-0.4714285714285714,-3.1142857142857143,48.199999999999996
2017,6,Mt. Stirling,387,-0.8142857142857143,-3.9,58.2
2017,7,Mt. Stirling,962,0.7571428571428571,-3.142857142857143,45.4
2017,8,Mt. Stirling,702,2.5285714285714285,-2.042857142857143,16.8
2017,9,Mt. Stirling,1176,0.5428571428571428,-2.4857142857142853,92.6
2017,10,Mt. Stirling,1317,2.142857142857143,-0.6,156.6
2017,11,Mt. Stirling,1452,-0.9714285714285714,-4.628571428571428,58.0
2017,12,Mt. Stirling,936,0.6428571428571429,-5.6000000000000005,27.4
2017,13,Mt. Stirling,897,1.3571428571428572,-3.014285714285714,64.8
2017,14,Mt. Stirling,1023,2.1285714285714286,-2.6285714285714286,48.400000000000006
2017,15,Mt. Stirling,408,4.828571428571428,-2.814285714285714,69.6
2018,1,Mt. Stirling,192,2.057142857142857,-1.1714285714285713,128.4
2018,2,Mt. Stirling,180,-0.1285714285714286,-3.442857142857143,46.8
2018,3,Mt. Stirling,339,2.2857142857142856,-2.4857142857142853,2.2
2018,4,Mt. Stirling,474,2.0428571428571427,-1.9000000000000001,14.600000000000001
2018,5,Mt. Stirling,810,0.8428571428571429,-3.8285714285714287,42.400000000000006
2018,6,Mt. Stirling,1086,0.2571428571428571,-4.1,20.8
2018,7,Mt. Stirling,1269,-0.014285714285714235,-3.5,35.4
2018,8,Mt. Stirling,1128,1.2142857142857142,-2.657142857142857,42.6
2018,9,Mt. Stirling,1719,0.7,-3.442857142857143,119.0
2018,10,Mt. Stirling,1860,-0.1571428571428571,-3.142857142857143,59.6
2018,11,Mt. Stirling,1452,-1.1857142857142857,-4.628571428571428,45.2
2018,12,Mt. Stirling,1374,1.7714285714285716,-4.8428571428571425,3.4
2018,13,Mt. Stirling,913,2.4714285714285715,-2.7,26.8
2018,14,Mt. Stirling,498,6.214285714285714,-0.2571428571428572,7.4
2018,15,Mt. Stirling,258,1.8142857142857143,-3.442857142857143,18.2
2019,1,Mt. Stirling,237,4.0285714285714285,0.5714285714285714,133.79999999999998
2019,2,Mt. Stirling,81,0.4428571428571428,-3.685714285714286,21.4
2019,3,Mt. Stirling,126,4.742857142857143,-0.7285714285714285,30.6
2019,4,Mt. Stirling,63,2.742857142857143,-1.657142857142857,64.8
2019,5,Mt. Stirling,123,0.7142857142857143,-1.8285714285714285,104.2
2019,6,Mt. Stirling,318,0.8428571428571429,-3.4714285714285715,67.8
2019,7,Mt. Stirling,675,2.085714285714286,-2.2857142857142856,16.8
2019,8,Mt. Stirling,858,4.271428571428571,-1.2285714285714289,9.4
2019,9,Mt. Stirling,924,0.14285714285714285,-3.585714285714286,18.2
2019,10,Mt. Stirling,909,0.8714285714285713,-4.1,23.0
2019,11,Mt. Stirling,1455,3.0,-3.7142857142857144,51.4
2019,12,Mt. Stirling,1542,2.857142857142857,-4.057142857142857,16.8
2019,13,Mt. Stirling,1083,4.7,-0.29999999999999993,45.6
2019,14,Mt. Stirling,522,4.2,-2.6142857142857143,34.0
2019,15,Mt. Stirling,363,6.057142857142857,0.4999999999999999,30.2
2020,1,Mt. Stirling,126,4.3999999999999995,-0.557142857142857,76.8
2020,2,Mt. Stirling,27,2.414285714285714,-0.14285714285714288,51.4
2020,3,Mt. Stirling,24,2.257142857142857,-2.2857142857142856,27.4
2020,4,Mt. Stirling,93,1.2571428571428573,-2.314285714285714,47.6
2020,5,Mt. Stirling,171,2.2714285714285714,-0.7000000000000001,17.200000000000003
2020,6,Mt. Stirling,438,3.8285714285714287,-2.185714285714286,5.0
2020,7,Mt. Stirling,108,5.0,0.07142857142857142,3.8000000000000003
2020,8,Mt. Stirling,127,5.814285714285715,-0.5285714285714286,1.0
2020,9,Mt. Stirling,98,0.7999999999999999,-4.3428571428571425,17.2
2020,10,Mt. Stirling,9,3.2285714285714286,-0.2333333333333333,14.600000000000001
2020,11,Mt. Stirling,0,-1.0571428571428572,-3.685714285714286,72.60000000000001
2020,12,Mt. Stirling,0,2.5,-3.2857142857142856,25.0
2020,13,Mt. Stirling,0,4.971428571428571,-1.1,5.0
2020,14,Mt. Stirling,0,8.942857142857143,1.7,28.0
2020,15,Mt. Stirling,0,9.671428571428573,4.785714285714286,27.799999999999997
2021,1,Mt. Stirling,216,2.7857142857142856,-1.5,77.6
2021,2,Mt. Stirling,69,2.6285714285714286,-1.8,14.6
2021,3,Mt. Stirling,99,2.8000000000000003,-1.042857142857143,53.6
2021,4,Mt. Stirling,315,0.5285714285714286,-2.6285714285714286,21.8
2021,5,Mt. Stirling,697,2.1285714285714286,-2.242857142857143,11.0
2021,6,Mt. Stirling,103,0.38571428571428573,-2.6999999999999997,22.8
2021,7,Mt. Stirling,0,-0.35714285714285715,-3.9714285714285715,63.6
2021,8,Mt. Stirling,468,0.39999999999999997,-2.9,52.599999999999994
2021,9,Mt. Stirling,774,1.2714285714285716,-2.257142857142857,21.4
2021,10,Mt. Stirling,834,1.8571428571428572,-1.5857142857142856,18.2
2021,11,Mt. Stirling,0,2.757142857142857,-1.042857142857143,18.4
2021,12,Mt. Stirling,0,1.4000000000000001,-2.7714285714285714,16.6
2021,13,Mt. Stirling,15,6.057142857142857,1.3142857142857143,0.0
2021,14,Mt. Stirling,33,6.471428571428571,-0.5428571428571429,0.0
2021,15,Mt. Stirling,618,3.6142857142857143,-1.9285714285714286,0.0
2022,1,Mt. Stirling,1038,0.028571428571428564,-3.1999999999999997,9.0
2022,2,Mt. Stirling,711,2.3428571428571425,-1.0571428571428572,87.4
2022,3,Mt. Stirling,426,2.2142857142857144,-1.9714285714285713,91.8
2022,4,Mt. Stirling,984,6.242857142857143,-0.24285714285714288,0.0
2022,5,Mt. Stirling,1071,0.14285714285714285,-2.8714285714285714,14.8
2022,6,Mt. Stirling,660,0.07142857142857142,-5.228571428571429,21.2
2022,7,Mt. Stirling,1158,2.9,-0.5,26.0
2022,8,Mt. Stirling,1032,1.0142857142857142,-2.9857142857142853,74.19999999999999
2022,9,Mt. Stirling,819,1.1428571428571428,-1.7285714285714282,35.599999999999994
2022,10,Mt. Stirling,1314,2.3714285714285714,-1.8714285714285714,62.2
2022,11,Mt. Stirling,1577,0.42857142857142855,-3.2428571428571433,80.2
2022,12,Mt. Stirling,975,5.685714285714285,-0.39999999999999997,42.599999999999994
2022,13,Mt. Stirling,609,3.1285714285714286,-1.8142857142857143,11.2
2022,14,Mt. Stirling,357,1.9714285714285715,-1.7285714285714289,107.8
2022,15,Mt. Stirling,85,2.9,-1.385714285714286,55.8
2023,1,Mt. Stirling,54,1.1857142857142857,-1.5142857142857142,72.0
2023,2,Mt. Stirling,82,-0.34285714285714286,-3.1999999999999997,48.800000000000004
2023,3,Mt. Stirling,422,-0.19999999999999998,-2.585714285714286,9.6
2023,4,Mt. Stirling,710,2.9714285714285715,-0.9,66.6
2023,5,Mt. Stirling,678,1.4166666666666667,-1.4428571428571428,75.6
2023,6,Mt. Stirling,844,3.8285714285714287,-1.5714285714285714,2.0
2023,7,Mt. Stirling,589,3.8428571428571425,-1.6285714285714286,13.6
2023,8,Mt. Stirling,673,3.8714285714285714,0.2571428571428572,29.6
2023,9,Mt. Stirling,1387,4.857142857142857,-0.22857142857142856,30.6
2023,10,Mt. Stirling,1495,2.1,-2.9,25.0
2023,11,Mt. Stirling,2050,4.7,-0.9428571428571428,34.2
2023,12,Mt. Stirling,906,6.571428571428571,0.8142857142857142,24.2
2023,13,Mt. Stirling,1069,7.242857142857143,-0.7857142857142858,26.2
2023,14,Mt. Stirling,0,6.1000000000000005,-0.3857142857142856,34.8
2023,15,Mt. Stirling,0,10.928571428571429,5.014285714285714,19.8
2024,1,Mt. Stirling,0,3.6571428571428575,-2.4,58.800000000000004
2024,2,Mt. Stirling,12,2.3285714285714287,-3.3428571428571425,2.5999999999999996
2024,3,Mt. Stirling,106,1.5,-1.9714285714285715,25.6
2024,4,Mt. Stirling,122,2.757142857142857,-2.742857142857143,18.2
2024,5,Mt. Stirling,426,2.2285714285714286,-1.1142857142857143,38.2
2024,6,Mt. Stirling,122,-0.39999999999999997,-3.885714285714286,21.8
2024,7,Mt. Stirling,1403,1.4857142857142858,-2.0571428571428574,69.8
2024,8,Mt. Stirling,1596,1.8285714285714285,-3.7857142857142856,17.4
2024,9,Mt. Stirling,2097,2.0285714285714285,-1.7,8.200000000000001
2024,10,Mt. Stirling,1632,6.128571428571428,2.2714285714285714,12.2
2024,11,Mt. Stirling,1416,4.885714285714286,0.8285714285714285,44.2
2024,12,Mt. Stirling,701,4.257142857142857,0.1571428571428572,43.6
2024,13,Mt. Stirling,213,6.1000000000000005,-0.6714285714285714,44.4
2024,14,Mt. Stirling,0,5.728571428571429,-0.5714285714285714,26.4
2024,15,Mt. Stirling,0,2.0714285714285716,-3.185714285714286,35.4
2014,1,Mt. Hotham,3483,3.4571428571428577,-1.1428571428571428,42.0
2014,2,Mt. Hotham,1253,3.0,-1.2571428571428573,13.0
2014,3,Mt. Hotham,2992,-0.9000000000000001,-3.2857142857142856,20.8
2014,4,Mt. Hotham,9680,-0.9857142857142858,-3.4714285714285715,0.6
2014,5,Mt. Hotham,29628,-1.8428571428571427,-4.0,3.2
2014,6,Mt. Hotham,36665,-1.9571428571428573,-4.442857142857142,0.6
2014,7,Mt. Hotham,26465,0.12857142857142853,-3.242857142857143,47.4
2014,8,Mt. Hotham,21679,-0.9428571428571428,-3.9571428571428577,87.2
2014,9,Mt. Hotham,31019,0.7000000000000001,-3.757142857142857,3.0
2014,10,Mt. Hotham,30360,1.6571428571428573,-5.485714285714286,4.8
2014,11,Mt. Hotham,35923,2.6999999999999997,-1.2714285714285716,22.0
2014,12,Mt. Hotham,32657,5.485714285714286,-0.4571428571428572,9.399999999999999
2014,13,Mt. Hotham,28855,1.457142857142857,-3.4714285714285715,6.2
2014,14,Mt. Hotham,18708,4.185714285714286,-0.9571428571428573,90.4
2014,15,Mt. Hotham,11117,3.542857142857143,-2.742857142857143,13.0
2015,1,Mt. Hotham,4997,5.0,-1.775,20.0
2015,2,Mt. Hotham,1797,,,14.4
2015,3,Mt. Hotham,3605,,,16.2
2015,4,Mt. Hotham,13197,,,5.4
2015,5,Mt. Hotham,22318,-0.6,-4.175,0.0
2015,6,Mt. Hotham,27894,-2.7285714285714286,-5.871428571428572,0.0
2015,7,Mt. Hotham,22620,-0.7285714285714285,-3.257142857142857,46.0
2015,8,Mt. Hotham,17562,-1.3,-4.1571428571428575,0.0
2015,9,Mt. Hotham,27850,-2.1,-5.742857142857143,0.8
2015,10,Mt. Hotham,31159,-1.0857142857142859,-2.9857142857142853,24.599999999999998
2015,11,Mt. Hotham,35122,1.385714285714286,-3.857142857142857,22.4
2015,12,Mt. Hotham,30754,1.6285714285714283,-3.685714285714286,19.4
2015,13,Mt. Hotham,25367,4.449999999999999,-2.1999999999999997,4.6000000000000005
2015,14,Mt. Hotham,30754,,,9.8
2015,15,Mt. Hotham,12005,,,11.6
2016,1,Mt. Hotham,4590,4.214285714285714,-1.2714285714285711,78.2
2016,2,Mt. Hotham,1860,2.1714285714285713,-0.42857142857142855,48.8
2016,3,Mt. Hotham,8368,-2.1285714285714286,-5.685714285714285,1.0
2016,4,Mt. Hotham,17433,-0.6714285714285715,-3.028571428571429,0.2
2016,5,Mt. Hotham,21302,-0.27142857142857135,-2.157142857142857,4.4
2016,6,Mt. Hotham,25173,2.3000000000000003,-2.6,30.0
2016,7,Mt. Hotham,20774,-0.21428571428571416,-3.5142857142857147,114.4
2016,8,Mt. Hotham,19557,-0.7,-2.08,3.4
2016,9,Mt. Hotham,27232,,,22.4
2016,10,Mt. Hotham,28044,2.8,,3.4
2016,11,Mt. Hotham,31774,-0.09999999999999998,-2.9285714285714284,23.4
2016,12,Mt. Hotham,28211,0.7000000000000001,-4.0285714285714285,72.80000000000001
2016,13,Mt. Hotham,20295,5.64,-0.4857142857142857,25.8
2016,14,Mt. Hotham,14224,4.0285714285714285,0.8142857142857142,58.4
2016,15,Mt. Hotham,10134,1.7,-2.7857142857142856,29.2
2017,1,Mt. Hotham,6288,6.385714285714285,-0.8166666666666668,1.8
2017,2,Mt. Hotham,2644,5.614285714285714,0.3428571428571428,0.0
2017,3,Mt. Hotham,5756,-1.0999999999999999,-3.9285714285714284,17.200000000000003
2017,4,Mt. Hotham,17281,0.8857142857142856,-3.557142857142857,20.4
2017,5,Mt. Hotham,29573,-1.5999999999999999,-4.942857142857143,0.0
2017,6,Mt. Hotham,33467,-1.6142857142857143,-4.728571428571429,0.0
2017,7,Mt. Hotham,23812,-1.1714285714285715,-4.8999999999999995,0.0
2017,8,Mt. Hotham,25596,0.5857142857142857,-3.942857142857143,0.0
2017,9,Mt. Hotham,29214,-1.6500000000000001,-3.8285714285714287,0.0
2017,10,Mt. Hotham,33652,0.31999999999999995,-1.6285714285714286,0.0
2017,11,Mt. Hotham,35159,-2.1142857142857143,-5.8428571428571425,0.0
2017,12,Mt. Hotham,32732,-1.1,-6.814285714285715,0.0
2017,13,Mt. Hotham,26326,0.7285714285714286,-4.385714285714285,0.0
2017,14,Mt. Hotham,21960,1.4857142857142858,-3.442857142857143,0.0
2017,15,Mt. Hotham,14990,3.1714285714285713,-3.2714285714285714,0.0
2018,1,Mt. Hotham,6271,1.0285714285714287,-1.9714285714285715,62.800000000000004
2018,2,Mt. Hotham,3489,-1.4571428571428573,-4.885714285714286,1.0
2018,3,Mt. Hotham,6911,-0.5142857142857142,-4.542857142857143,14.0
2018,4,Mt. Hotham,17524,1.0,-3.0714285714285716,28.4
2018,5,Mt. Hotham,31435,0.14285714285714285,-4.6000000000000005,6.8
2018,6,Mt. Hotham,37737,-0.7285714285714284,-5.3999999999999995,1.0
2018,7,Mt. Hotham,25157,-1.2571428571428573,-4.857142857142857,3.0
2018,8,Mt. Hotham,24150,0.5857142857142856,-3.7142857142857144,42.599999999999994
2018,9,Mt. Hotham,30515,-1.0285714285714287,-4.614285714285714,10.2
2018,10,Mt. Hotham,33527,-1.042857142857143,-4.185714285714286,23.0
2018,11,Mt. Hotham,38115,-2.0142857142857142,-4.8,0.4
2018,12,Mt. Hotham,35284,-1.9857142857142858,-6.5,24.200000000000003
2018,13,Mt. Hotham,28187,0.7142857142857143,-4.114285714285715,50.2
2018,14,Mt. Hotham,21947,5.542857142857143,-0.9714285714285714,2.0
2018,15,Mt. Hotham,15320,1.5999999999999999,-4.1571428571428575,4.0
2019,1,Mt. Hotham,5948,,,0.6000000000000001
2019,2,Mt. Hotham,3019,-3.1,-5.7,0.6000000000000001
2019,3,Mt. Hotham,5820,4.171428571428572,-1.8285714285714287,0.4
2019,4,Mt. Hotham,13150,1.0142857142857145,-2.8428571428571425,0.6000000000000001
2019,5,Mt. Hotham,26572,-0.15714285714285722,-2.7285714285714286,0.6000000000000001
2019,6,Mt. Hotham,36382,-0.5142857142857143,-4.557142857142857,0.8
2019,7,Mt. Hotham,23978,0.8285714285714285,-3.4857142857142853,1.2000000000000002
2019,8,Mt. Hotham,24998,3.3666666666666667,-2.357142857142857,0.6000000000000001
2019,9,Mt. Hotham,31360,-0.6000000000000002,-4.428571428571429,0.0
2019,10,Mt. Hotham,29531,-1.1857142857142855,-4.7,0.0
2019,11,Mt. Hotham,39955,1.0571428571428572,-4.485714285714286,0.0
2019,12,Mt. Hotham,37905,2.185714285714286,-5.285714285714286,0.0
2019,13,Mt. Hotham,33186,3.542857142857143,-1.1428571428571428,0.0
2019,14,Mt. Hotham,27192,3.0714285714285716,-3.4714285714285715,0.0
2019,15,Mt. Hotham,20169,5.314285714285715,0.04285714285714296,0.0
2020,1,Mt. Hotham,2016,,,49.4
2020,2,Mt. Hotham,1346,,,82.6
2020,3,Mt. Hotham,1416,,,10.0
2020,4,Mt. Hotham,4172,,,35.2
2020,5,Mt. Hotham,9325,0.30000000000000004,-1.075,16.2
2020,6,Mt. Hotham,15316,0.8714285714285713,-3.3142857142857145,5.199999999999999
2020,7,Mt. Hotham,8953,3.7285714285714286,-1.842857142857143,2.4000000000000004
2020,8,Mt. Hotham,4401,4.057142857142857,-1.5714285714285714,1.8
2020,9,Mt. Hotham,3476,-0.6142857142857144,-5.142857142857143,10.200000000000001
2020,10,Mt. Hotham,1043,2.142857142857143,-1.0999999999999999,37.8
2020,11,Mt. Hotham,0,-1.7142857142857142,-4.471428571428571,41.0
2020,12,Mt. Hotham,0,0.9285714285714286,-4.242857142857143,3.0
2020,13,Mt. Hotham,0,3.914285714285714,-1.7857142857142858,1.2000000000000002
2020,14,Mt. Hotham,0,7.314285714285715,0.7285714285714286,15.799999999999999
2020,15,Mt. Hotham,0,8.785714285714286,3.942857142857143,24.799999999999997
2021,1,Mt. Hotham,3992,1.1428571428571428,-2.314285714285714,46.0
2021,2,Mt. Hotham,9086,0.5285714285714286,-2.6999999999999997,18.2
2021,3,Mt. Hotham,16742,1.0571428571428572,-2.2142857142857144,118.6
2021,4,Mt. Hotham,28047,-0.2999999999999999,-3.3857142857142857,27.4
2021,5,Mt. Hotham,35270,0.48571428571428577,-3.4857142857142853,1.7999999999999998
2021,6,Mt. Hotham,13693,-0.5428571428571429,-3.5714285714285716,78.8
2021,7,Mt. Hotham,6750,-1.4428571428571428,-4.557142857142858,68.8
2021,8,Mt. Hotham,18858,-0.2285714285714286,-3.6,51.4
2021,9,Mt. Hotham,27982,0.5857142857142857,-3.1142857142857143,14.4
2021,10,Mt. Hotham,16215,0.4714285714285714,-2.5714285714285716,12.0
2021,11,Mt. Hotham,15773,1.442857142857143,-1.7714285714285711,44.8
2021,12,Mt. Hotham,4200,0.25714285714285706,-3.5142857142857147,11.0
2021,13,Mt. Hotham,4200,4.6000000000000005,-0.057142857142857065,83.6
2021,14,Mt. Hotham,5617,3.357142857142857,-1.4714285714285715,3.0
2021,15,Mt. Hotham,11309,1.9285714285714286,-2.6,91.6
2022,1,Mt. Hotham,16726,-1.0571428571428572,-4.371428571428572,0.8
2022,2,Mt. Hotham,17273,0.9,-1.7857142857142858,55.4
2022,3,Mt. Hotham,17846,1.7285714285714284,-3.085714285714286,54.0
2022,4,Mt. Hotham,32710,2.1,-4.228571428571429,2.8
2022,5,Mt. Hotham,39827,-1.1,-3.9714285714285715,5.0
2022,6,Mt. Hotham,34135,-1.457142857142857,-6.1000000000000005,0.6
2022,7,Mt. Hotham,34204,1.7571428571428573,-2.257142857142857,34.8
2022,8,Mt. Hotham,32560,0.27142857142857135,-4.3,41.4
2022,9,Mt. Hotham,34634,,,18.200000000000003
2022,10,Mt. Hotham,37253,1.3,-2.5,11.6
2022,11,Mt. Hotham,34672,-0.29999999999999993,-4.185714285714286,64.4
2022,12,Mt. Hotham,33389,4.1,-1.1199999999999999,11.799999999999999
2022,13,Mt. Hotham,29398,,,0.0
2022,14,Mt. Hotham,21856,,,12.2
2022,15,Mt. Hotham,18981,,,44.0
2023,1,Mt. Hotham,5318,0.4250000000000001,-2.16,43.4
2023,2,Mt. Hotham,8241,,,5.2
2023,3,Mt. Hotham,18549,,,0.2
2023,4,Mt. Hotham,33179,2.4428571428571426,-1.3,59.99999999999999
2023,5,Mt. Hotham,34315,0.32857142857142857,-2.2285714285714286,45.0
2023,6,Mt. Hotham,44648,1.4142857142857144,-2.457142857142857,3.8
2023,7,Mt. Hotham,35497,2.2142857142857144,-2.2,2.2
2023,8,Mt. Hotham,34086,2.8714285714285714,-0.5142857142857142,33.4
2023,9,Mt. Hotham,34067,3.6285714285714286,-1.0999999999999999,33.2
2023,10,Mt. Hotham,35521,0.7999999999999999,-3.542857142857143,13.799999999999999
2023,11,Mt. Hotham,37115,3.914285714285714,-1.5571428571428572,32.0
2023,12,Mt. Hotham,30944,5.142857142857143,0.07142857142857142,22.6
2023,13,Mt. Hotham,22969,8.35,-0.7250000000000001,1.6
2023,14,Mt. Hotham,15149,,,28.799999999999997
2023,15,Mt. Hotham,9148,,,24.4
2024,1,Mt. Hotham,2079,2.1142857142857143,-3.1714285714285713,56.2
2024,2,Mt. Hotham,4269,0.45714285714285724,-4.985714285714286,0.0
2024,3,Mt. Hotham,6033,0.5857142857142857,-2.942857142857143,17.8
2024,4,Mt. Hotham,11558,0.3571428571428572,-4.985714285714286,17.8
2024,5,Mt. Hotham,27353,1.7571428571428573,-1.6428571428571428,27.2
2024,6,Mt. Hotham,31258,-1.2428571428571427,-5.142857142857143,25.0
2024,7,Mt. Hotham,36427,-0.11428571428571428,-2.7714285714285714,52.6
2024,8,Mt. Hotham,24401,-0.27142857142857146,-5.571428571428571,7.2
2024,9,Mt. Hotham,25904,1.3714285714285714,-3.3857142857142857,6.8
2024,10,Mt. Hotham,25139,4.857142857142857,1.3714285714285714,32.800000000000004
2024,11,Mt. Hotham,24260,3.4714285714285715,-0.05714285714285715,51.0
2024,12,Mt. Hotham,19289,2.8714285714285714,-0.6142857142857142,102.99999999999999
2024,13,Mt. Hotham,14487,4.714285714285714,-1.3571428571428572,36.2
2024,14,Mt. Hotham,2700,4.628571428571428,-1.0,29.599999999999998
2024,15,Mt. Hotham,0,1.6714285714285715,-4.128571428571428,30.400000000000002
2014,1,Falls Creek,2790,4.6,-0.3,23.8
2014,2,Falls Creek,1425,4.414285714285714,-0.2857142857142857,7.6
2014,3,Falls Creek,2101,0.09999999999999999,-2.8285714285714287,69.6
2014,4,Falls Creek,9544,1.3857142857142857,-2.685714285714286,24.2
2014,5,Falls Creek,26211,-0.7285714285714286,-3.7571428571428567,13.600000000000001
2014,6,Falls Creek,33392,0.28571428571428564,-3.957142857142857,62.8
2014,7,Falls Creek,28149,3.1,-0.8857142857142858,8.6
2014,8,Falls Creek,24565,0.18571428571428558,-3.3285714285714287,33.8
2014,9,Falls Creek,28981,2.3714285714285714,-2.5714285714285716,2.0
2014,10,Falls Creek,33125,3.4,-4.542857142857143,0.0
2014,11,Falls Creek,36486,4.428571428571429,-0.4857142857142857,24.4
2014,12,Falls Creek,34468,7.028571428571429,0.0714285714285714,9.0
2014,13,Falls Creek,30104,3.528571428571429,-2.1,25.4
2014,14,Falls Creek,23864,5.7,-0.1999999999999999,44.8
2014,15,Falls Creek,15869,5.771428571428571,-1.8714285714285714,3.0
2015,1,Falls Creek,4799,7.228571428571429,0.15714285714285717,0.2
2015,2,Falls Creek,3293,2.157142857142857,-2.0285714285714285,28.2
2015,3,Falls Creek,5965,7.0,-0.4428571428571429,7.2
2015,4,Falls Creek,11758,1.3714285714285714,-3.914285714285714,3.2
2015,5,Falls Creek,20779,0.5428571428571429,-2.9714285714285715,66.2
2015,6,Falls Creek,24064,-1.2714285714285716,-5.5,5.8
2015,7,Falls Creek,27566,0.2000000000000001,-2.3428571428571425,38.4
2015,8,Falls Creek,25955,-0.39999999999999997,-3.6142857142857143,20.0
2015,9,Falls Creek,31872,-0.28571428571428564,-5.114285714285714,2.8
2015,10,Falls Creek,35417,0.9428571428571428,-2.9,6.4
2015,11,Falls Creek,37063,3.357142857142857,-2.1,2.2
2015,12,Falls Creek,36903,2.0285714285714285,-3.5142857142857147,42.400000000000006
2015,13,Falls Creek,33126,3.242857142857143,-1.7,11.0
2015,14,Falls Creek,28099,7.5,-0.0285714285714286,2.2
2015,15,Falls Creek,18548,5.928571428571429,0.08571428571428566,6.0
2016,1,Falls Creek,3840,5.228571428571429,-0.8499999999999998,45.6
2016,2,Falls Creek,2176,2.985714285714286,0.08571428571428573,67.8
2016,3,Falls Creek,10297,-0.9142857142857143,-4.671428571428572,23.400000000000002
2016,4,Falls Creek,23077,0.34285714285714286,-2.7285714285714286,23.200000000000003
2016,5,Falls Creek,33309,0.8285714285714285,-1.4714285714285715,59.4
2016,6,Falls Creek,38818,5.014285714285714,-1.0285714285714287,6.4
2016,7,Falls Creek,30873,0.5285714285714286,-2.7857142857142856,91.2
2016,8,Falls Creek,36692,3.172065784643304e-17,-2.6714285714285713,29.400000000000002
2016,9,Falls Creek,40090,0.8285714285714285,-3.1285714285714286,15.8
2016,10,Falls Creek,43213,2.185714285714286,-2.085714285714286,5.6
2016,11,Falls Creek,43213,1.042857142857143,-2.157142857142857,31.400000000000002
2016,12,Falls Creek,43275,2.1999999999999997,-2.857142857142857,52.8
2016,13,Falls Creek,33724,6.7,0.8285714285714286,51.00000000000001
2016,14,Falls Creek,24144,5.614285714285714,1.6857142857142855,24.0
2016,15,Falls Creek,19696,2.6,-2.0142857142857142,8.0
2017,1,Falls Creek,5663,7.257142857142857,0.24285714285714288,0.0
2017,2,Falls Creek,3577,6.8999999999999995,1.0714285714285714,0.0
2017,3,Falls Creek,7935,0.12857142857142856,-3.414285714285714,0.2
2017,4,Falls Creek,16182,2.0714285714285716,-2.8857142857142857,41.4
2017,5,Falls Creek,30745,-0.6285714285714287,-3.585714285714286,3.6
2017,6,Falls Creek,38180,-0.6428571428571429,-4.171428571428572,19.6
2017,7,Falls Creek,30541,0.35714285714285715,-3.7142857142857144,14.8
2017,8,Falls Creek,29332,2.1857142857142855,-2.9285714285714284,6.4
2017,9,Falls Creek,34784,-0.18571428571428575,-2.9857142857142853,37.0
2017,10,Falls Creek,39838,1.542857142857143,-0.6714285714285715,119.4
2017,11,Falls Creek,41643,-0.18571428571428567,-5.0,47.4
2017,12,Falls Creek,38487,0.8285714285714285,-5.957142857142856,18.8
2017,13,Falls Creek,34745,1.3142857142857143,-3.457142857142857,30.4
2017,14,Falls Creek,28865,2.314285714285714,-2.442857142857143,45.0
2017,15,Falls Creek,21846,4.228571428571429,-2.557142857142857,40.400000000000006
2018,1,Falls Creek,4735,1.9285714285714286,-1.4000000000000001,71.8
2018,2,Falls Creek,3408,-0.6142857142857142,-4.242857142857143,119.4
2018,3,Falls Creek,8450,2.4857142857142853,-3.2142857142857144,0.0
2018,4,Falls Creek,16200,2.1142857142857143,-1.9857142857142858,15.6
2018,5,Falls Creek,32502,0.7571428571428572,-3.957142857142857,23.599999999999998
2018,6,Falls Creek,40750,-0.19999999999999998,-4.771428571428571,10.2
2018,7,Falls Creek,31768,-0.41428571428571426,-4.442857142857143,10.2
2018,8,Falls Creek,29814,1.1428571428571428,-2.357142857142857,32.2
2018,9,Falls Creek,33734,0.6285714285714284,-3.9428571428571426,25.599999999999998
2018,10,Falls Creek,41774,-0.42857142857142855,-3.6999999999999997,26.4
2018,11,Falls Creek,40149,-0.6571428571428573,-4.628571428571428,52.0
2018,12,Falls Creek,38075,1.7285714285714284,-4.942857142857143,0.0
2018,13,Falls Creek,32603,2.7285714285714286,-2.8857142857142857,6.6
2018,14,Falls Creek,28410,6.6000000000000005,-0.057142857142857176,0.0
2018,15,Falls Creek,19085,2.942857142857143,-2.971428571428571,0.0
2019,1,Falls Creek,8702,3.857142857142857,0.8571428571428571,133.0
2019,2,Falls Creek,4257,0.028571428571428564,-4.485714285714286,7.800000000000001
2019,3,Falls Creek,7581,4.985714285714286,-0.9571428571428572,0.8
2019,4,Falls Creek,14826,2.085714285714286,-2.2285714285714286,37.2
2019,5,Falls Creek,31088,0.37142857142857144,-2.157142857142857,99.0
2019,6,Falls Creek,37988,0.4142857142857143,-3.9714285714285715,22.2
2019,7,Falls Creek,33409,2.2714285714285714,-2.757142857142857,19.0
2019,8,Falls Creek,31157,4.3,-1.9857142857142855,12.600000000000001
2019,9,Falls Creek,34471,0.5714285714285714,-3.914285714285714,33.8
2019,10,Falls Creek,39514,-0.07142857142857142,-4.271428571428571,36.4
2019,11,Falls Creek,40569,3.0571428571428574,-3.814285714285714,63.39999999999999
2019,12,Falls Creek,38230,3.357142857142857,-4.285714285714286,5.6
2019,13,Falls Creek,35090,5.1571428571428575,-0.2285714285714285,22.4
2019,14,Falls Creek,30655,5.171428571428572,-2.3428571428571425,16.0
2019,15,Falls Creek,22832,6.3999999999999995,1.1285714285714286,34.4
2020,1,Falls Creek,2905,3.9714285714285715,-0.2571428571428571,28.400000000000002
2020,2,Falls Creek,1931,2.357142857142857,-0.2571428571428572,94.2
2020,3,Falls Creek,1672,2.557142857142857,-2.6571428571428575,16.0
2020,4,Falls Creek,4208,0.9857142857142858,-3.0,27.800000000000004
2020,5,Falls Creek,7199,2.0142857142857142,-1.0571428571428572,11.2
2020,6,Falls Creek,8741,1.1285714285714286,-2.7428571428571433,31.0
2020,7,Falls Creek,6964,4.428571428571429,-0.7000000000000001,9.600000000000001
2020,8,Falls Creek,3407,5.1000000000000005,-1.5428571428571427,24.0
2020,9,Falls Creek,4837,0.5285714285714286,-4.5285714285714285,42.6
2020,10,Falls Creek,4869,3.1,-0.6714285714285715,62.0
2020,11,Falls Creek,0,-1.0142857142857145,-4.271428571428571,10.799999999999999
2020,12,Falls Creek,0,2.9571428571428577,-3.542857142857143,18.6
2020,13,Falls Creek,0,5.328571428571428,-0.9857142857142858,3.1999999999999997
2020,14,Falls Creek,0,8.342857142857143,1.157142857142857,24.6
2020,15,Falls Creek,0,9.528571428571428,4.557142857142857,26.200000000000003
2021,1,Falls Creek,8585,1.757142857142857,-1.6428571428571428,61.2
2021,2,Falls Creek,13114,1.2142857142857142,-1.9857142857142858,21.0
2021,3,Falls Creek,24383,2.1,-1.342857142857143,128.6
2021,4,Falls Creek,31297,0.6571428571428573,-2.8000000000000003,23.6
2021,5,Falls Creek,36763,1.9857142857142858,-2.3285714285714287,7.4
2021,6,Falls Creek,14100,-0.17142857142857143,-2.8000000000000003,61.800000000000004
2021,7,Falls Creek,7500,-0.7000000000000001,-4.314285714285714,42.0
2021,8,Falls Creek,22133,0.6142857142857142,-2.7714285714285714,43.2
2021,9,Falls Creek,9250,1.5999999999999999,-2.6,17.4
2021,10,Falls Creek,14152,1.8000000000000003,-2.157142857142857,11.2
2021,11,Falls Creek,16893,2.742857142857143,-1.1142857142857143,30.999999999999996
2021,12,Falls Creek,10746,0.9714285714285715,-2.9857142857142853,24.6
2021,13,Falls Creek,7505,5.442857142857143,0.9,86.39999999999999
2021,14,Falls Creek,7698,4.5,-1.0714285714285714,9.8
2021,15,Falls Creek,5282,2.8857142857142857,-2.0,90.60000000000001
2022,1,Falls Creek,16216,0.3428571428571429,-4.342857142857143,17.8
2022,2,Falls Creek,11828,2.3857142857142857,-1.4142857142857144,48.6
2022,3,Falls Creek,21374,2.142857142857143,-2.6285714285714286,40.8
2022,4,Falls Creek,31895,2.614285714285714,-3.557142857142857,7.6
2022,5,Falls Creek,36797,-0.5,-3.8000000000000003,9.4
2022,6,Falls Creek,40770,-0.3142857142857142,-5.771428571428571,5.0
2022,7,Falls Creek,38308,2.7857142857142856,-1.3,36.4
2022,8,Falls Creek,35915,0.942857142857143,-3.5714285714285716,19.4
2022,9,Falls Creek,39378,0.9,-2.6142857142857143,112.19999999999999
2022,10,Falls Creek,41541,1.0142857142857142,-2.0714285714285716,28.2
2022,11,Falls Creek,44226,0.2571428571428571,-3.6285714285714286,81.2
2022,12,Falls Creek,44959,4.242857142857143,-0.9142857142857144,58.0
2022,13,Falls Creek,35811,3.1571428571428575,-3.142857142857143,1.2000000000000002
2022,14,Falls Creek,30281,1.7285714285714284,-2.457142857142857,46.6
2022,15,Falls Creek,26821,2.6285714285714286,-1.5857142857142856,54.2
2023,1,Falls Creek,7332,0.9142857142857144,-1.8,48.0
2023,2,Falls Creek,7029,-0.14285714285714277,-3.0714285714285716,47.6
2023,3,Falls Creek,16737,-0.6714285714285715,-3.3857142857142857,3.0
2023,4,Falls Creek,29896,2.6285714285714286,-1.8714285714285717,68.8
2023,5,Falls Creek,34384,1.5714285714285714,-2.0714285714285716,43.2
2023,6,Falls Creek,39352,2.7142857142857144,-1.6285714285714283,3.2
2023,7,Falls Creek,39492,3.714285714285715,-1.8000000000000003,3.4
2023,8,Falls Creek,35667,3.242857142857143,-0.12857142857142856,28.6
2023,9,Falls Creek,39490,4.285714285714286,-0.6714285714285714,37.60000000000001
2023,10,Falls Creek,43353,2.0,-3.142857142857143,13.200000000000001
2023,11,Falls Creek,42005,3.8285714285714283,-1.2857142857142858,29.0
2023,12,Falls Creek,36988,5.914285714285714,0.8142857142857142,30.799999999999997
2023,13,Falls Creek,28811,7.257142857142857,-1.2428571428571427,10.399999999999999
2023,14,Falls Creek,22814,6.385714285714286,-1.0428571428571427,32.8
2023,15,Falls Creek,16476,10.385714285714286,4.485714285714286,12.6
2024,1,Falls Creek,5511,2.585714285714286,-2.7857142857142856,45.800000000000004
2024,2,Falls Creek,5506,1.2571428571428573,-4.728571428571429,3.6
2024,3,Falls Creek,6501,0.9571428571428572,-2.257142857142857,17.0
2024,4,Falls Creek,19666,0.6,-3.914285714285714,21.4
2024,5,Falls Creek,40093,1.7999999999999998,-1.5666666666666667,1.4
2024,6,Falls Creek,46620,-0.41999999999999993,-4.828571428571428,43.0
2024,7,Falls Creek,43349,0.74,-2.3,18.0
2024,8,Falls Creek,43812,3.02,-2.025,0.2
2024,9,Falls Creek,49697,1.3599999999999999,-1.9400000000000002,4.8
2024,10,Falls Creek,38756,5.883333333333333,1.92,15.200000000000001
2024,11,Falls Creek,38541,4.25,0.48333333333333334,34.8
2024,12,Falls Creek,42101,3.2142857142857144,-0.1571428571428571,75.0
2024,13,Falls Creek,25252,5.771428571428571,-0.5142857142857141,39.6
2024,14,Falls Creek,17137,5.8999999999999995,-0.5857142857142856,22.2
2024,15,Falls Creek,12950,2.642857142857143,-3.6142857142857143,33.0
2014,1,Mt. Buller,8296,4.271428571428571,-0.014285714285714266,14.2
2014,2,Mt. Buller,1987,5.257142857142857,-0.34285714285714286,47.6
2014,3,Mt. Buller,2413,0.3857142857142857,-2.5142857142857147,133.6
2014,4,Mt. Buller,18831,0.9571428571428572,-1.8571428571428572,80.0
2014,5,Mt. Buller,49217,-0.2857142857142857,-3.4,71.4
2014,6,Mt. Buller,59693,-1.0,-3.585714285714286,37.2
2014,7,Mt. Buller,45788,2.3714285714285714,-1.5142857142857142,26.4
2014,8,Mt. Buller,41720,0.4428571428571428,-2.985714285714286,101.0
2014,9,Mt. Buller,48984,1.157142857142857,-3.5142857142857147,6.6000000000000005
2014,10,Mt. Buller,47315,3.7142857142857144,-3.8714285714285714,5.0
2014,11,Mt. Buller,43314,4.314285714285715,-0.32857142857142857,0.4
2014,12,Mt. Buller,41063,7.0857142857142845,1.1714285714285713,0.6000000000000001
2014,13,Mt. Buller,41063,4.414285714285714,-1.7,29.8
2014,14,Mt. Buller,26222,5.271428571428571,0.27142857142857146,33.6
2014,15,Mt. Buller,11881,4.8428571428571425,-1.5142857142857142,20.8
2015,1,Mt. Buller,15612,6.5,0.1857142857142857,17.8
2015,2,Mt. Buller,6592,2.8000000000000003,-1.9285714285714286,8.0
2015,3,Mt. Buller,6648,6.414285714285714,-0.5571428571428572,0.6
2015,4,Mt. Buller,18766,-0.08571428571428574,-3.8857142857142857,11.799999999999999
2015,5,Mt. Buller,38879,0.6285714285714287,-3.0142857142857147,45.8
2015,6,Mt. Buller,45629,-1.1428571428571428,-5.2,25.8
2015,7,Mt. Buller,38873,0.2285714285714285,-2.4714285714285715,56.8
2015,8,Mt. Buller,36714,-0.014285714285714235,-4.328571428571428,68.0
2015,9,Mt. Buller,38171,-0.6285714285714284,-4.628571428571428,25.6
2015,10,Mt. Buller,41782,0.2571428571428572,-2.2285714285714286,28.599999999999998
2015,11,Mt. Buller,44060,3.142857142857143,-1.8571428571428572,2.8000000000000003
2015,12,Mt. Buller,38823,2.1285714285714286,-2.8285714285714287,24.6
2015,13,Mt. Buller,38042,3.4857142857142853,-1.3142857142857143,12.600000000000001
2015,14,Mt. Buller,23919,7.185714285714285,0.25714285714285723,14.0
2015,15,Mt. Buller,21892,6.514285714285714,-0.2857142857142857,12.4
2016,1,Mt. Buller,8368,5.3999999999999995,-0.8571428571428571,93.0
2016,2,Mt. Buller,5298,3.414285714285714,0.29999999999999993,99.8
2016,3,Mt. Buller,17606,-1.0714285714285714,-4.242857142857143,55.6
2016,4,Mt. Buller,37586,0.0,-2.0142857142857142,39.8
2016,5,Mt. Buller,56664,0.6571428571428571,-1.1142857142857143,40.0
2016,6,Mt. Buller,44445,5.2,-1.1857142857142857,27.2
2016,7,Mt. Buller,37928,0.9285714285714286,-2.8428571428571425,123.60000000000001
2016,8,Mt. Buller,39125,0.32857142857142857,-2.2285714285714286,92.4
2016,9,Mt. Buller,46055,1.5571428571428572,-2.9285714285714284,20.8
2016,10,Mt. Buller,44706,2.4714285714285715,-1.8571428571428572,28.4
2016,11,Mt. Buller,38065,1.7285714285714284,-1.8857142857142857,133.79999999999998
2016,12,Mt. Buller,34449,1.8857142857142857,-2.6714285714285713,35.0
2016,13,Mt. Buller,21929,6.514285714285714,1.0,15.8
2016,14,Mt. Buller,13075,4.642857142857143,1.1142857142857143,78.6
2016,15,Mt. Buller,7411,3.0,-2.0714285714285716,49.4
2017,1,Mt. Buller,18142,7.014285714285714,0.42857142857142855,0.0
2017,2,Mt. Buller,9023,6.3428571428571425,0.7,0.0
2017,3,Mt. Buller,13836,-0.5285714285714286,-3.242857142857143,10.4
2017,4,Mt. Buller,26972,1.2285714285714289,-2.9857142857142853,79.2
2017,5,Mt. Buller,50070,-0.4714285714285714,-3.1142857142857143,48.199999999999996
2017,6,Mt. Buller,57787,-0.8142857142857143,-3.9,58.2
2017,7,Mt. Buller,40050,0.7571428571428571,-3.142857142857143,45.4
2017,8,Mt. Buller,37535,2.5285714285714285,-2.042857142857143,16.8
2017,9,Mt. Buller,39778,0.5428571428571428,-2.4857142857142853,92.6
2017,10,Mt. Buller,48862,2.142857142857143,-0.6,156.6
2017,11,Mt. Buller,45833,-0.9714285714285714,-4.628571428571428,58.0
2017,12,Mt. Buller,44047,0.6428571428571429,-5.6000000000000005,27.4
2017,13,Mt. Buller,32214,1.3571428571428572,-3.014285714285714,64.8
2017,14,Mt. Buller,32542,2.1285714285714286,-2.6285714285714286,48.400000000000006
2017,15,Mt. Buller,24402,4.828571428571428,-2.814285714285714,69.6
2018,1,Mt. Buller,13279,2.057142857142857,-1.1714285714285713,128.4
2018,2,Mt. Buller,11039,-0.1285714285714286,-3.442857142857143,46.8
2018,3,Mt. Buller,19293,2.2857142857142856,-2.4857142857142853,2.2
2018,4,Mt. Buller,27761,2.0428571428571427,-1.9000000000000001,14.600000000000001
2018,5,Mt. Buller,54337,0.8428571428571429,-3.8285714285714287,42.400000000000006
2018,6,Mt. Buller,66326,0.2571428571428571,-4.1,20.8
2018,7,Mt. Buller,46230,-0.014285714285714235,-3.5,35.4
2018,8,Mt. Buller,39057,1.2142857142857142,-2.657142857142857,42.6
2018,9,Mt. Buller,45601,0.7,-3.442857142857143,119.0
2018,10,Mt. Buller,43886,-0.1571428571428571,-3.142857142857143,59.6
2018,11,Mt. Buller,46782,-1.1857142857142857,-4.628571428571428,45.2
2018,12,Mt. Buller,46140,1.7714285714285716,-4.8428571428571425,3.4
2018,13,Mt. Buller,34877,2.4714285714285715,-2.7,26.8
2018,14,Mt. Buller,31144,6.214285714285714,-0.2571428571428572,7.4
2018,15,Mt. Buller,20104,1.8142857142857143,-3.442857142857143,18.2
2019,1,Mt. Buller,22375,4.0285714285714285,0.5714285714285714,133.79999999999998
2019,2,Mt. Buller,10904,0.4428571428571428,-3.685714285714286,21.4
2019,3,Mt. Buller,13018,4.742857142857143,-0.7285714285714285,30.6
2019,4,Mt. Buller,29400,2.742857142857143,-1.657142857142857,64.8
2019,5,Mt. Buller,46986,0.7142857142857143,-1.8285714285714285,104.2
2019,6,Mt. Buller,49957,0.8428571428571429,-3.4714285714285715,67.8
2019,7,Mt. Buller,42583,2.085714285714286,-2.2857142857142856,16.8
2019,8,Mt. Buller,41415,4.271428571428571,-1.2285714285714289,9.4
2019,9,Mt. Buller,40425,0.14285714285714285,-3.585714285714286,18.2
2019,10,Mt. Buller,41156,0.8714285714285713,-4.1,23.0
2019,11,Mt. Buller,48415,3.0,-3.7142857142857144,51.4
2019,12,Mt. Buller,44315,2.857142857142857,-4.057142857142857,16.8
2019,13,Mt. Buller,34454,4.7,-0.29999999999999993,45.6
2019,14,Mt. Buller,30775,4.2,-2.6142857142857143,34.0
2019,15,Mt. Buller,22540,6.057142857142857,0.4999999999999999,30.2
2020,1,Mt. Buller,2665,4.3999999999999995,-0.557142857142857,76.8
2020,2,Mt. Buller,2843,2.414285714285714,-0.14285714285714288,51.4
2020,3,Mt. Buller,3537,2.257142857142857,-2.2857142857142856,27.4
2020,4,Mt. Buller,9988,1.2571428571428573,-2.314285714285714,47.6
2020,5,Mt. Buller,3537,2.2714285714285714,-0.7000000000000001,17.200000000000003
2020,6,Mt. Buller,15619,3.8285714285714287,-2.185714285714286,5.0
2020,7,Mt. Buller,6805,5.0,0.07142857142857142,3.8000000000000003
2020,8,Mt. Buller,7366,5.814285714285715,-0.5285714285714286,1.0
2020,9,Mt. Buller,7312,0.7999999999999999,-4.3428571428571425,17.2
2020,10,Mt. Buller,3812,3.2285714285714286,-0.2333333333333333,14.600000000000001
2020,11,Mt. Buller,0,-1.0571428571428572,-3.685714285714286,72.60000000000001
2020,12,Mt. Buller,0,2.5,-3.2857142857142856,25.0
2020,13,Mt. Buller,0,4.971428571428571,-1.1,5.0
2020,14,Mt. Buller,0,8.942857142857143,1.7,28.0
2020,15,Mt. Buller,0,9.671428571428573,4.785714285714286,27.799999999999997
2021,1,Mt. Buller,2198,2.7857142857142856,-1.5,77.6
2021,2,Mt. Buller,5269,2.6285714285714286,-1.8,14.6
2021,3,Mt. Buller,17995,2.8000000000000003,-1.042857142857143,53.6
2021,4,Mt. Buller,39561,0.5285714285714286,-2.6285714285714286,21.8
2021,5,Mt. Buller,53339,2.1285714285714286,-2.242857142857143,11.0
2021,6,Mt. Buller,26598,0.38571428571428573,-2.6999999999999997,22.8
2021,7,Mt. Buller,7908,-0.35714285714285715,-3.9714285714285715,63.6
2021,8,Mt. Buller,31619,0.39999999999999997,-2.9,52.599999999999994
2021,9,Mt. Buller,25906,1.2714285714285716,-2.257142857142857,21.4
2021,10,Mt. Buller,16707,1.8571428571428572,-1.5857142857142856,18.2
2021,11,Mt. Buller,15200,2.757142857142857,-1.042857142857143,18.4
2021,12,Mt. Buller,5401,1.4000000000000001,-2.7714285714285714,16.6
2021,13,Mt. Buller,3732,6.057142857142857,1.3142857142857143,0.0
2021,14,Mt. Buller,176,6.471428571428571,-0.5428571428571429,0.0
2021,15,Mt. Buller,5975,3.6142857142857143,-1.9285714285714286,0.0
2022,1,Mt. Buller,27665,0.028571428571428564,-3.1999999999999997,9.0
2022,2,Mt. Buller,33328,2.3428571428571425,-1.0571428571428572,87.4
2022,3,Mt. Buller,36352,2.2142857142857144,-1.9714285714285713,91.8
2022,4,Mt. Buller,58192,6.242857142857143,-0.24285714285714288,0.0
2022,5,Mt. Buller,65372,0.14285714285714285,-2.8714285714285714,14.8
2022,6,Mt. Buller,49092,0.07142857142857142,-5.228571428571429,21.2
2022,7,Mt. Buller,49631,2.9,-0.5,26.0
2022,8,Mt. Buller,50634,1.0142857142857142,-2.9857142857142853,74.19999999999999
2022,9,Mt. Buller,40367,1.1428571428571428,-1.7285714285714282,35.599999999999994
2022,10,Mt. Buller,44242,2.3714285714285714,-1.8714285714285714,62.2
2022,11,Mt. Buller,43874,0.42857142857142855,-3.2428571428571433,80.2
2022,12,Mt. Buller,44775,5.685714285714285,-0.39999999999999997,42.599999999999994
2022,13,Mt. Buller,30766,3.1285714285714286,-1.8142857142857143,11.2
2022,14,Mt. Buller,21896,1.9714285714285715,-1.7285714285714289,107.8
2022,15,Mt. Buller,19427,2.9,-1.385714285714286,55.8
2023,1,Mt. Buller,10172,1.1857142857142857,-1.5142857142857142,72.0
2023,2,Mt. Buller,12397,-0.34285714285714286,-3.1999999999999997,48.800000000000004
2023,3,Mt. Buller,23839,-0.19999999999999998,-2.585714285714286,9.6
2023,4,Mt. Buller,49596,2.9714285714285715,-0.9,66.6
2023,5,Mt. Buller,58139,1.4166666666666667,-1.4428571428571428,75.6
2023,6,Mt. Buller,51039,3.8285714285714287,-1.5714285714285714,2.0
2023,7,Mt. Buller,46314,3.8428571428571425,-1.6285714285714286,13.6
2023,8,Mt. Buller,46474,3.8714285714285714,0.2571428571428572,29.6
2023,9,Mt. Buller,40587,4.857142857142857,-0.22857142857142856,30.6
2023,10,Mt. Buller,37635,2.1,-2.9,25.0
2023,11,Mt. Buller,36754,4.7,-0.9428571428571428,34.2
2023,12,Mt. Buller,33923,6.571428571428571,0.8142857142857142,24.2
2023,13,Mt. Buller,18840,7.242857142857143,-0.7857142857142858,26.2
2023,14,Mt. Buller,9166,6.1000000000000005,-0.3857142857142856,34.8
2023,15,Mt. Buller,6355,10.928571428571429,5.014285714285714,19.8
2024,1,Mt. Buller,5726,3.6571428571428575,-2.4,58.800000000000004
2024,2,Mt. Buller,8215,2.3285714285714287,-3.3428571428571425,2.5999999999999996
2024,3,Mt. Buller,11786,1.5,-1.9714285714285715,25.6
2024,4,Mt. Buller,24083,2.757142857142857,-2.742857142857143,18.2
2024,5,Mt. Buller,50827,2.2285714285714286,-1.1142857142857143,38.2
2024,6,Mt. Buller,53357,-0.39999999999999997,-3.885714285714286,21.8
2024,7,Mt. Buller,45399,1.4857142857142858,-2.0571428571428574,69.8
2024,8,Mt. Buller,49676,1.8285714285714285,-3.7857142857142856,17.4
2024,9,Mt. Buller,49587,2.0285714285714285,-1.7,8.200000000000001
2024,10,Mt. Buller,50031,6.128571428571428,2.2714285714285714,12.2
2024,11,Mt. Buller,43387,4.885714285714286,0.8285714285714285,44.2
2024,12,Mt. Buller,36668,4.257142857142857,0.1571428571428572,43.6
2024,13,Mt. Buller,15415,6.1000000000000005,-0.6714285714285714,44.4
2024,14,Mt. Buller,0,5.728571428571429,-0.5714285714285714,26.4
2024,15,Mt. Buller,0,2.0714285714285716,-3.185714285714286,35.4
2014,1,Selwyn,1041,6.828571428571428,1.5714285714285714,29.200000000000003
2014,2,Selwyn,383,6.714285714285714,1.5285714285714285,14.4
2014,3,Selwyn,597,1.6714285714285713,-0.8571428571428571,109.0
2014,4,Selwyn,2877,3.142857142857143,-0.7571428571428571,60.2
2014,5,Selwyn,8588,1.2714285714285716,-2.257142857142857,44.2
2014,6,Selwyn,10682,2.7857142857142856,-1.6142857142857143,30.8
2014,7,Selwyn,8180,5.528571428571429,0.8857142857142858,5.0
2014,8,Selwyn,7267,3.3714285714285714,-1.0285714285714287,14.799999999999999
2014,9,Selwyn,8708,4.714285714285714,-0.8428571428571429,0.0
2014,10,Selwyn,9133,5.8428571428571425,-2.2857142857142856,2.0
2014,11,Selwyn,8968,8.614285714285714,1.1,6.0
2014,12,Selwyn,8404,9.057142857142859,0.9571428571428572,1.2
2014,13,Selwyn,6975,8.4,-0.31428571428571433,6.4
2014,14,Selwyn,4628,8.885714285714284,2.2714285714285714,25.2
2014,15,Selwyn,2566,8.442857142857141,1.1142857142857143,9.600000000000001
2015,1,Selwyn,2238,9.028571428571428,2.1714285714285713,1.8
2015,2,Selwyn,1001,5.5,0.7000000000000001,24.8
2015,3,Selwyn,1331,8.257142857142856,2.2285714285714286,3.4000000000000004
2015,4,Selwyn,3211,2.7857142857142856,-3.357142857142857,7.2
2015,5,Selwyn,6658,3.5285714285714285,-1.5285714285714285,46.4
2015,6,Selwyn,8112,1.8571428571428572,-2.357142857142857,26.6
2015,7,Selwyn,7373,2.357142857142857,-0.0714285714285715,58.8
2015,8,Selwyn,6601,3.1999999999999997,-1.0,70.0
2015,9,Selwyn,7983,1.4714285714285715,-3.0714285714285716,3.0
2015,10,Selwyn,9023,2.857142857142857,-0.8857142857142858,9.6
2015,11,Selwyn,9492,7.057142857142857,0.6428571428571427,27.6
2015,12,Selwyn,8436,5.028571428571429,-0.42857142857142855,39.199999999999996
2015,13,Selwyn,7256,6.971428571428571,-0.12857142857142856,22.599999999999998
2015,14,Selwyn,6011,10.885714285714286,2.1999999999999997,15.6
2015,15,Selwyn,3722,9.285714285714286,1.8714285714285714,3.4
2016,1,Selwyn,1329,6.357142857142857,0.8285714285714285,61.0
2016,2,Selwyn,764,5.742857142857143,2.442857142857143,85.6
2016,3,Selwyn,2903,1.4428571428571428,-2.6999999999999997,34.199999999999996
2016,4,Selwyn,6868,2.7571428571428567,-1.5285714285714285,20.6
2016,5,Selwyn,9151,3.1714285714285713,0.2285714285714285,32.4
2016,6,Selwyn,8336,7.685714285714286,0.8,17.2
2016,7,Selwyn,6817,2.4,-1.0,56.0
2016,8,Selwyn,7706,2.242857142857143,-1.1142857142857143,30.400000000000002
2016,9,Selwyn,8763,4.857142857142857,-0.29999999999999993,8.4
2016,10,Selwyn,8848,5.871428571428572,-0.0142857142857143,2.4
2016,11,Selwyn,8235,4.371428571428571,0.028571428571428612,38.199999999999996
2016,12,Selwyn,7678,5.8999999999999995,-0.08571428571428566,29.6
2016,13,Selwyn,5307,10.228571428571428,3.1142857142857143,53.0
2016,14,Selwyn,3453,7.871428571428571,3.314285714285714,96.2
2016,15,Selwyn,2599,6.057142857142857,0.6857142857142857,43.6
2017,1,Selwyn,2569,8.828571428571427,2.585714285714286,0.0
2017,2,Selwyn,1236,9.214285714285714,2.9285714285714284,0.0
2017,3,Selwyn,2180,3.2142857142857144,-0.7857142857142857,1.4
2017,4,Selwyn,4933,3.9857142857142853,-1.0857142857142856,68.0
2017,5,Selwyn,8953,2.185714285714286,-1.657142857142857,22.6
2017,6,Selwyn,10860,1.6714285714285713,-1.4285714285714286,45.800000000000004
2017,7,Selwyn,7768,3.4,-1.2428571428571427,24.4
2017,8,Selwyn,7398,5.057142857142857,-0.6285714285714287,27.0
2017,9,Selwyn,8341,1.9714285714285715,-1.4142857142857144,76.0
2017,10,Selwyn,10099,4.642857142857143,1.2,83.2
2017,11,Selwyn,10008,3.2857142857142856,-2.357142857142857,27.4
2017,12,Selwyn,9105,4.0,-2.9571428571428577,8.2
2017,13,Selwyn,7230,3.642857142857143,-1.0285714285714285,14.200000000000001
2017,14,Selwyn,6867,5.957142857142857,0.6714285714285715,11.2
2017,15,Selwyn,4847,7.5,-0.3285714285714286,41.0
2018,1,Selwyn,2060,3.7714285714285714,0.7000000000000001,72.0
2018,2,Selwyn,1591,3.228571428571428,-1.2,32.6
2018,3,Selwyn,3095,5.3428571428571425,-0.31428571428571433,8.0
2018,4,Selwyn,5357,5.457142857142857,0.4142857142857142,5.4
2018,5,Selwyn,10213,2.185714285714286,-2.2857142857142856,61.6
2018,6,Selwyn,12863,2.6714285714285713,-2.9285714285714284,11.4
2018,7,Selwyn,8428,2.1571428571428575,-1.9857142857142858,9.2
2018,8,Selwyn,7857,4.242857142857143,-0.11428571428571425,18.200000000000003
2018,9,Selwyn,9032,3.057142857142857,-1.5142857142857142,69.8
2018,10,Selwyn,9444,2.442857142857143,-0.9000000000000001,29.0
2018,11,Selwyn,9592,1.7142857142857142,-2.6000000000000005,28.4
2018,12,Selwyn,9764,5.371428571428572,-1.042857142857143,1.7999999999999998
2018,13,Selwyn,7557,6.3999999999999995,0.04285714285714293,70.6
2018,14,Selwyn,6454,11.028571428571428,2.557142857142857,0.0
2018,15,Selwyn,4262,7.7,-0.1857142857142857,5.0
2019,1,Selwyn,3472,6.828571428571428,3.142857142857143,64.8
2019,2,Selwyn,1831,4.385714285714285,-1.7714285714285711,2.4
2019,3,Selwyn,2534,7.642857142857143,0.7285714285714285,0.0
2019,4,Selwyn,4763,7.057142857142857,0.014285714285714235,26.6
2019,5,Selwyn,9019,2.642857142857143,-0.0285714285714286,91.80000000000001
2019,6,Selwyn,9962,2.685714285714286,-2.042857142857143,27.4
2019,7,Selwyn,8267,6.028571428571429,0.2285714285714285,9.4
2019,8,Selwyn,8107,6.285714285714286,0.2857142857142857,9.2
2019,9,Selwyn,8547,3.014285714285714,-2.557142857142857,23.6
2019,10,Selwyn,8538,3.9857142857142853,-2.0571428571428574,3.2
2019,11,Selwyn,10785,5.014285714285713,-1.4857142857142858,60.0
2019,12,Selwyn,10147,6.757142857142857,-1.042857142857143,0.2
2019,13,Selwyn,8432,8.714285714285714,2.7,42.4
2019,14,Selwyn,7077,6.971428571428571,-0.7428571428571429,14.0
2019,15,Selwyn,5189,10.742857142857144,3.4714285714285715,17.799999999999997
2020,1,Selwyn,430,6.528571428571429,2.557142857142857,48.6
2020,2,Selwyn,311,4.857142857142857,1.6714285714285713,56.2
2020,3,Selwyn,334,4.614285714285714,-0.27142857142857146,23.6
2020,4,Selwyn,969,4.3,-0.7428571428571429,18.0
2020,5,Selwyn,1185,5.442857142857143,1.2571428571428573,4.2
2020,6,Selwyn,1978,5.0,-0.38571428571428573,12.4
2020,7,Selwyn,1087,7.142857142857143,1.3714285714285714,7.0
2020,8,Selwyn,720,7.371428571428572,1.842857142857143,2.2
2020,9,Selwyn,733,3.957142857142857,-1.842857142857143,25.4
2020,10,Selwyn,445,5.857142857142857,1.6857142857142857,53.2
2020,11,Selwyn,0,4.4,-0.1,9.8
2020,12,Selwyn,0,,,0.0
2020,13,Selwyn,0,,,0.0
2020,14,Selwyn,0,10.714285714285714,3.1166666666666667,15.799999999999999
2020,15,Selwyn,0,13.557142857142859,6.942857142857142,22.799999999999997
2021,1,Selwyn,830,3.742857142857143,-0.2857142857142857,64.39999999999999
2021,2,Selwyn,1541,4.628571428571428,-0.35714285714285715,17.6
2021,3,Selwyn,3315,4.757142857142857,0.7857142857142857,93.39999999999999
2021,4,Selwyn,6070,3.7428571428571433,-0.35714285714285715,22.8
2021,5,Selwyn,8018,5.857142857142857,-0.02857142857142863,8.8
2021,6,Selwyn,3099,1.542857142857143,-1.1285714285714286,67.60000000000001
2021,7,Selwyn,1186,1.9142857142857144,-2.642857142857143,70.6
2021,8,Selwyn,4115,3.314285714285714,-0.5714285714285714,43.800000000000004
2021,9,Selwyn,3478,3.642857142857143,-0.37142857142857144,37.0
2021,10,Selwyn,2706,4.814285714285715,-0.2428571428571429,22.6
2021,11,Selwyn,2680,7.442857142857143,1.7285714285714284,28.6
2021,12,Selwyn,1102,5.6000000000000005,-0.6142857142857144,24.2
2021,13,Selwyn,806,9.828571428571427,3.542857142857143,81.6
2021,14,Selwyn,742,8.642857142857142,1.8285714285714287,8.0
2021,15,Selwyn,1282,6.3999999999999995,0.6285714285714287,44.0
2022,1,Selwyn,5144,2.4714285714285715,-2.1714285714285713,32.0
2022,2,Selwyn,5403,5.057142857142857,0.07142857142857144,40.4
2022,3,Selwyn,5887,3.685714285714286,0.10000000000000002,14.0
2022,4,Selwyn,9683,3.4285714285714284,-0.6142857142857142,3.4
2022,5,Selwyn,10791,3.0285714285714285,-1.4142857142857144,9.8
2022,6,Selwyn,9436,2.6999999999999997,-2.642857142857143,15.0
2022,7,Selwyn,9266,5.757142857142857,0.6714285714285714,24.8
2022,8,Selwyn,9018,4.071428571428571,-1.3285714285714287,40.6
2022,9,Selwyn,8602,4.914285714285714,0.2285714285714286,73.39999999999999
2022,10,Selwyn,9356,3.9,0.0,46.6
2022,11,Selwyn,9146,3.3857142857142857,-0.8571428571428571,53.4
2022,12,Selwyn,9077,8.057142857142857,1.3571428571428572,16.0
2022,13,Selwyn,6969,8.042857142857143,-0.4142857142857144,0.0
2022,14,Selwyn,5298,6.242857142857143,0.6857142857142857,38.800000000000004
2022,15,Selwyn,4557,6.828571428571428,1.0,78.8
2023,1,Selwyn,1591,4.214285714285714,0.38571428571428573,60.0
2023,2,Selwyn,1932,3.5,-1.0714285714285714,32.6
2023,3,Selwyn,4120,1.1142857142857143,-0.9571428571428571,60.0
2023,4,Selwyn,8400,5.385714285714286,0.8142857142857143,29.0
2023,5,Selwyn,9149,3.7142857142857144,-0.04285714285714285,52.4
2023,6,Selwyn,8950,6.642857142857143,0.6714285714285715,1.0
2023,7,Selwyn,8106,7.200000000000001,0.3428571428571429,5.2
2023,8,Selwyn,7770,7.728571428571428,2.4857142857142853,23.4
2023,9,Selwyn,7424,8.028571428571428,2.0428571428571427,19.0
2023,10,Selwyn,7666,6.3,-0.6714285714285715,13.2
2023,11,Selwyn,7581,6.742857142857143,0.4428571428571428,27.6
2023,12,Selwyn,6278,9.450000000000001,2.9166666666666665,18.4
2023,13,Selwyn,4244,10.471428571428572,1.4428571428571428,2.8
2023,14,Selwyn,2733,8.5,1.0714285714285714,20.4
2023,15,Selwyn,1865,15.357142857142858,8.22857142857143,4.0
2024,1,Selwyn,990,4.285714285714286,-0.3857142857142857,70.6
2024,2,Selwyn,1264,5.128571428571428,-2.0,3.0
2024,3,Selwyn,1686,4.857142857142857,0.39999999999999997,3.8
2024,4,Selwyn,3662,4.728571428571429,-1.5142857142857142,19.6
2024,5,Selwyn,8563,6.571428571428571,1.042857142857143,26.8
2024,6,Selwyn,8932,1.0142857142857142,-2.3000000000000003,20.0
2024,7,Selwyn,8530,3.814285714285714,-0.18571428571428575,71.2
2024,8,Selwyn,8160,4.085714285714286,-3.0714285714285716,15.6
2024,9,Selwyn,8533,5.457142857142857,0.5428571428571428,0.4
2024,10,Selwyn,7668,9.914285714285715,4.1571428571428575,22.4
2024,11,Selwyn,6859,8.6,2.6285714285714286,22.4
2024,12,Selwyn,5969,7.242857142857143,1.9285714285714286,27.2
2024,13,Selwyn,3351,10.4,2.085714285714286,18.8
2024,14,Selwyn,1177,8.72857142857143,2.142857142857143,24.2
2024,15,Selwyn,745,5.985714285714286,-0.8428571428571429,23.200000000000003
2014,1,Thredbo,5535,4.714285714285714,-2.0,40.6
2014,2,Thredbo,2090,2.6571428571428575,-1.6857142857142857,8.0
2014,3,Thredbo,3216,-1.0285714285714287,-4.114285714285715,4.2
2014,4,Thredbo,15497,-1.3142857142857143,-4.357142857142857,0.4
2014,5,Thredbo,46546,-1.6857142857142857,-5.185714285714285,3.0
2014,6,Thredbo,58668,-1.8714285714285717,-5.414285714285714,3.5999999999999996
2014,7,Thredbo,44109,1.2571428571428573,-4.5,3.4
2014,8,Thredbo,39654,-0.8285714285714286,-3.6666666666666665,28.0
2014,9,Thredbo,46875,2.2,-4.628571428571428,0.0
2014,10,Thredbo,48777,1.5142857142857142,-7.042857142857143,0.6000000000000001
2014,11,Thredbo,49003,2.371428571428571,-4.257142857142857,19.4
2014,12,Thredbo,44164,3.957142857142857,-2.957142857142857,15.0
2014,13,Thredbo,38470,0.8142857142857143,-5.457142857142857,9.4
2014,14,Thredbo,25734,3.957142857142857,-1.4000000000000001,48.8
2014,15,Thredbo,13890,2.6285714285714286,-2.8000000000000003,7.8
2015,1,Thredbo,12039,7.528571428571429,-2.1285714285714286,6.0
2015,2,Thredbo,5540,2.1571428571428575,-2.971428571428571,53.0
2015,3,Thredbo,7069,6.7,-0.9571428571428571,1.4
2015,4,Thredbo,17634,2.242857142857143,-5.0,0.0
2015,5,Thredbo,35918,0.27142857142857146,-5.042857142857143,1.5999999999999999
2015,6,Thredbo,43234,-1.8714285714285714,-7.671428571428572,8.6
2015,7,Thredbo,40967,-0.7999999999999999,-3.9285714285714284,3.6
2015,8,Thredbo,36200,-0.4142857142857143,-4.371428571428572,22.0
2015,9,Thredbo,43268,-2.0142857142857142,-6.8428571428571425,2.8000000000000003
2015,10,Thredbo,48525,0.28571428571428586,-4.742857142857143,1.6
2015,11,Thredbo,51900,2.1428571428571432,-3.228571428571428,18.8
2015,12,Thredbo,46015,0.18571428571428572,-3.9857142857142853,28.8
2015,13,Thredbo,39850,1.0571428571428572,-3.9857142857142853,11.0
2015,14,Thredbo,33284,5.7,-2.314285714285714,1.2
2015,15,Thredbo,20568,4.471428571428571,-2.1,11.0
2016,1,Thredbo,7167,3.742857142857143,-1.4428571428571428,57.6
2016,2,Thredbo,4083,2.685714285714286,-0.5,57.8
2016,3,Thredbo,15501,-2.6142857142857143,-5.985714285714286,1.4
2016,4,Thredbo,36917,1.5142857142857145,-3.814285714285714,3.4
2016,5,Thredbo,48170,-0.4142857142857142,-2.8857142857142857,44.2
2016,6,Thredbo,45940,4.414285714285714,-2.514285714285714,13.6
2016,7,Thredbo,37172,-0.057142857142857086,-4.128571428571429,95.6
2016,8,Thredbo,41911,-0.11428571428571425,-3.9714285714285715,8.0
2016,9,Thredbo,47536,1.0142857142857142,-6.057142857142857,20.6
2016,10,Thredbo,47996,2.0714285714285716,-3.3714285714285714,3.4
2016,11,Thredbo,43729,0.2285714285714286,-3.357142857142857,19.2
2016,12,Thredbo,41768,0.7285714285714285,-4.5,91.0
2016,13,Thredbo,28580,5.057142857142857,-1.342857142857143,33.0
2016,14,Thredbo,18938,4.671428571428572,-0.14285714285714288,65.6
2016,15,Thredbo,13868,1.9714285714285713,-2.814285714285714,38.199999999999996
2017,1,Thredbo,14174,5.3428571428571425,-1.3,1.4
2017,2,Thredbo,6636,6.557142857142857,-1.385714285714286,0.0
2017,3,Thredbo,11543,-0.2571428571428572,-4.728571428571429,0.2
2017,4,Thredbo,26374,0.5428571428571429,-4.928571428571429,21.8
2017,5,Thredbo,49289,-2.0142857142857142,-6.3999999999999995,1.4000000000000001
2017,6,Thredbo,58279,-1.4428571428571428,-4.683333333333334,13.200000000000001
2017,7,Thredbo,42457,-0.5571428571428572,-4.714285714285714,13.2
2017,8,Thredbo,40744,0.8571428571428571,-4.8,9.2
2017,9,Thredbo,45216,-0.5142857142857143,-4.5285714285714285,1.2000000000000002
2017,10,Thredbo,55420,0.7,-1.7857142857142858,89.60000000000001
2017,11,Thredbo,53536,-1.842857142857143,-6.171428571428571,5.0
2017,12,Thredbo,49658,-0.6571428571428573,-7.571428571428571,3.2
2017,13,Thredbo,39634,0.4142857142857143,-4.571428571428571,0.0
2017,14,Thredbo,37173,1.6285714285714286,-3.2285714285714286,3.8000000000000003
2017,15,Thredbo,26630,3.4285714285714284,-3.3285714285714287,8.0
2018,1,Thredbo,11210,0.3714285714285715,-2.914285714285714,55.2
2018,2,Thredbo,8547,-1.5857142857142856,-5.785714285714286,19.2
2018,3,Thredbo,17226,1.6142857142857143,-4.371428571428572,2.2
2018,4,Thredbo,28601,2.3857142857142857,-3.414285714285714,12.2
2018,5,Thredbo,54351,-0.7571428571428571,-5.742857142857143,28.2
2018,6,Thredbo,70634,-0.7142857142857143,-5.471428571428571,13.600000000000001
2018,7,Thredbo,46287,-0.19999999999999998,-5.614285714285715,16.0
2018,8,Thredbo,41879,0.20000000000000004,-4.328571428571428,31.6
2018,9,Thredbo,49315,0.9,,0.0
2018,10,Thredbo,52085,-0.2285714285714285,-4.457142857142857,17.8
2018,11,Thredbo,53194,-2.3000000000000003,-6.8500000000000005,1.8
2018,12,Thredbo,53232,0.8857142857142858,-5.616666666666667,0.4
2018,13,Thredbo,41257,0.5800000000000001,-5.0,11.4
2018,14,Thredbo,34676,6.285714285714286,-1.1571428571428573,0.0
2018,15,Thredbo,23050,3.4500000000000006,-3.233333333333333,5.6
2019,1,Thredbo,18741,3.1571428571428575,0.25714285714285706,73.4
2019,2,Thredbo,9845,-0.7428571428571429,-6.828571428571428,3.6
2019,3,Thredbo,13374,3.6999999999999997,-4.442857142857143,0.4
2019,4,Thredbo,25851,3.585714285714286,-4.071428571428571,23.599999999999998
2019,5,Thredbo,48275,-0.6,-3.6999999999999997,56.2
2019,6,Thredbo,55168,-0.7714285714285715,-5.271428571428571,6.8
2019,7,Thredbo,45493,2.257142857142857,-2.914285714285714,10.600000000000001
2019,8,Thredbo,45050,2.6,-4.014285714285714,3.8000000000000003
2019,9,Thredbo,46665,-0.27142857142857135,-4.171428571428572,18.2
2019,10,Thredbo,45330,0.35714285714285715,-5.614285714285714,3.6
2019,11,Thredbo,59101,-0.12857142857142856,-5.0,15.8
2019,12,Thredbo,53915,2.1285714285714286,-6.271428571428571,3.0
2019,13,Thredbo,45841,4.1,-1.3666666666666665,14.6
2019,14,Thredbo,37957,3.3714285714285714,-3.4285714285714284,6.8
2019,15,Thredbo,28383,5.185714285714285,-0.9,39.4
2020,1,Thredbo,2281,4.085714285714285,-2.2857142857142856,44.8
2020,2,Thredbo,1666,2.6,-1.7714285714285716,62.2
2020,3,Thredbo,1787,1.1,-5.228571428571429,1.0
2020,4,Thredbo,5251,0.4142857142857143,-4.285714285714286,27.599999999999998
2020,5,Thredbo,6327,1.5714285714285714,-2.9428571428571426,30.2
2020,6,Thredbo,10795,0.05714285714285714,-5.028571428571429,33.8
2020,7,Thredbo,5849,2.642857142857143,-2.2714285714285714,15.4
2020,8,Thredbo,3997,3.371428571428571,-2.4714285714285715,26.400000000000002
2020,9,Thredbo,4059,-0.7999999999999999,-5.314285714285715,39.0
2020,10,Thredbo,2366,1.5714285714285714,-2.4,36.2
2020,11,Thredbo,0,-2.6,-5.1571428571428575,28.0
2020,12,Thredbo,0,0.38571428571428573,-5.228571428571429,5.3999999999999995
2020,13,Thredbo,0,4.814285714285715,-2.2285714285714286,0.7999999999999999
2020,14,Thredbo,0,6.428571428571429,-0.042857142857142864,17.2
2020,15,Thredbo,0,8.7,2.9857142857142853,18.4
2021,1,Thredbo,4556,-0.18333333333333335,-3.3666666666666667,47.2
2021,2,Thredbo,8255,6.344131569286608e-17,-4.385714285714285,12.200000000000001
2021,3,Thredbo,18301,1.1285714285714286,-4.0285714285714285,98.4
2021,4,Thredbo,32789,-0.04285714285714289,-3.6142857142857143,6.800000000000001
2021,5,Thredbo,42107,0.5857142857142856,-4.8999999999999995,0.0
2021,6,Thredbo,17062,0.0,-2.725,30.2
2021,7,Thredbo,6387,,,0.0
2021,8,Thredbo,22563,-2.1,-3.9,0.0
2021,9,Thredbo,19180,1.6428571428571428,-4.1,4.0
2021,10,Thredbo,14564,,-1.6,0.0
2021,11,Thredbo,14342,1.8200000000000003,-1.3499999999999999,30.799999999999997
2021,12,Thredbo,5792,0.9571428571428572,-4.2,12.399999999999999
2021,13,Thredbo,4411,4.2,-1.1428571428571428,118.6
2021,14,Thredbo,3909,3.142857142857143,-1.5285714285714285,4.8
2021,15,Thredbo,6774,2.3714285714285714,-3.8714285714285714,64.0
2022,1,Thredbo,28482,-0.6857142857142857,-4.685714285714285,1.0
2022,2,Thredbo,28805,1.6999999999999997,-3.3857142857142857,27.2
2022,3,Thredbo,32323,1.5142857142857142,-3.5142857142857147,9.8
2022,4,Thredbo,51793,1.4285714285714286,-4.571428571428571,2.6
2022,5,Thredbo,58950,-0.9857142857142858,-5.371428571428572,2.1999999999999997
2022,6,Thredbo,50846,-1.4142857142857144,-6.3999999999999995,8.4
2022,7,Thredbo,50463,1.1,-3.7285714285714286,22.8
2022,8,Thredbo,48895,0.2571428571428572,-5.114285714285714,33.6
2022,9,Thredbo,46293,0.09999999999999999,-4.285714285714286,132.79999999999998
2022,10,Thredbo,49363,-0.07142857142857142,-3.5142857142857147,24.8
2022,11,Thredbo,49801,-0.5285714285714286,-4.514285714285714,44.4
2022,12,Thredbo,49543,2.557142857142857,-3.4,24.6
2022,13,Thredbo,37838,3.442857142857143,-5.357142857142857,0.6000000000000001
2022,14,Thredbo,28277,1.5714285714285714,-3.2714285714285714,35.4
2022,15,Thredbo,24771,2.0285714285714285,-3.0,36.8
2023,1,Thredbo,8545,0.8571428571428571,-3.085714285714286,51.6
2023,2,Thredbo,10240,-0.9142857142857143,-4.185714285714286,5.4
2023,3,Thredbo,21673,-1.657142857142857,-4.571428571428571,26.2
2023,4,Thredbo,44587,0.7285714285714285,-3.5142857142857147,21.0
2023,5,Thredbo,49756,0.6714285714285715,-3.014285714285714,12.0
2023,6,Thredbo,48555,3.2142857142857144,-3.357142857142857,1.6
2023,7,Thredbo,44316,3.014285714285714,-4.114285714285715,1.2
2023,8,Thredbo,42124,3.557142857142857,-1.0714285714285714,8.0
2023,9,Thredbo,39758,3.983333333333333,-2.1142857142857143,36.0
2023,10,Thredbo,40626,1.0285714285714285,-4.571428571428571,7.4
2023,11,Thredbo,40364,3.6999999999999997,-2.2,23.799999999999997
2023,12,Thredbo,34371,4.3500000000000005,-0.25999999999999995,21.4
2023,13,Thredbo,23161,5.9,-5.15,6.0
2023,14,Thredbo,14628,,,37.0
2023,15,Thredbo,9901,,,10.6
2024,1,Thredbo,5493,1.757142857142857,-3.2714285714285714,38.99999999999999
2024,2,Thredbo,6847,-0.7000000000000001,-6.071428571428571,1.2000000000000002
2024,3,Thredbo,9071,0.37142857142857144,-3.557142857142857,13.6
2024,4,Thredbo,20186,-0.7142857142857143,-7.8,18.2
2024,5,Thredbo,45827,2.2285714285714286,-2.4714285714285715,8.6
2024,6,Thredbo,48866,-1.6285714285714286,-5.285714285714286,16.4
2024,7,Thredbo,46149,0.6714285714285714,-4.1571428571428575,24.4
2024,8,Thredbo,43752,-0.0571428571428571,-7.542857142857143,4.6
2024,9,Thredbo,46790,2.3428571428571425,-4.371428571428572,0.0
2024,10,Thredbo,41927,4.328571428571428,-0.8428571428571429,17.6
2024,11,Thredbo,37608,3.5,-0.7000000000000001,29.8
2024,12,Thredbo,33208,2.5,-1.1714285714285713,69.4
2024,13,Thredbo,18120,4.614285714285714,-0.7000000000000001,23.6
2024,14,Thredbo,6270,5.857142857142857,-1.2428571428571427,11.4
2024,15,Thredbo,4103,0.8714285714285716,-4.257142857142857,16.0
2014,1,Perisher,7370,6.328571428571428,-1.5857142857142856,62.0
2014,2,Perisher,2751,5.257142857142857,-1.8571428571428572,13.799999999999999
2014,3,Perisher,4255,0.8857142857142856,-2.457142857142857,220.6
2014,4,Perisher,20265,2.9428571428571426,-2.457142857142857,53.8
2014,5,Perisher,61339,1.1857142857142857,-3.757142857142857,39.0
2014,6,Perisher,76855,1.7857142857142858,-4.357142857142857,51.4
2014,7,Perisher,57593,5.085714285714286,-4.357142857142857,5.0
2014,8,Perisher,52426,1.7714285714285716,-3.6571428571428575,58.199999999999996
2014,9,Perisher,62654,5.2,-5.542857142857143,2.6
2014,10,Perisher,64928,4.042857142857143,-7.957142857142857,10.8
2014,11,Perisher,64834,5.628571428571428,-3.257142857142857,68.4
2014,12,Perisher,59121,6.528571428571428,-3.685714285714286,32.4
2014,13,Perisher,50737,4.7,-4.3,35.2
2014,14,Perisher,33833,6.885714285714286,-0.6428571428571429,49.0
2014,15,Perisher,18381,6.057142857142858,-2.2142857142857144,19.2
2015,1,Perisher,15906,9.885714285714286,-3.5714285714285716,1.5999999999999999
2015,2,Perisher,7363,3.814285714285714,-2.2714285714285714,87.2
2015,3,Perisher,9360,9.014285714285714,-3.2857142857142856,0.0
2015,4,Perisher,23296,4.642857142857143,-6.728571428571429,6.800000000000001
2015,5,Perisher,47607,2.642857142857143,-4.5,55.4
2015,6,Perisher,57282,0.7714285714285715,-6.2,33.6
2015,7,Perisher,54202,1.2571428571428573,-2.7285714285714286,102.60000000000001
2015,8,Perisher,48170,1.8142857142857143,-3.3000000000000003,90.6
2015,9,Perisher,57548,1.0285714285714285,-7.028571428571429,20.8
2015,10,Perisher,64346,3.2714285714285714,-3.0857142857142854,10.8
2015,11,Perisher,68527,5.585714285714286,-2.9142857142857146,23.2
2015,12,Perisher,60788,3.1000000000000005,-2.5714285714285716,92.8
2015,13,Perisher,52337,4.914285714285714,-3.628571428571429,35.6
2015,14,Perisher,43826,8.442857142857141,-1.4142857142857144,5.8
2015,15,Perisher,27009,6.785714285714286,-1.6999999999999997,10.6
2016,1,Perisher,9419,5.700000000000001,-2.8285714285714287,97.2
2016,2,Perisher,5380,4.142857142857143,0.9714285714285715,127.4
2016,3,Perisher,20567,1.3142857142857143,-5.6000000000000005,61.400000000000006
2016,4,Perisher,49193,3.9857142857142853,-2.4428571428571426,34.6
2016,5,Perisher,64386,1.7142857142857142,-1.4000000000000001,109.4
2016,6,Perisher,61295,8.280000000000001,-1.942857142857143,25.8
2016,7,Perisher,48984,1.5285714285714285,-2.857142857142857,243.8
2016,8,Perisher,55233,2.1285714285714286,-3.042857142857143,30.200000000000003
2016,9,Perisher,63067,3.242857142857143,-4.6,31.200000000000003
2016,10,Perisher,62748,4.771428571428571,-2.7142857142857144,7.4
2016,11,Perisher,57827,3.0,-2.0571428571428574,51.800000000000004
2016,12,Perisher,54481,4.442857142857142,-4.0,51.199999999999996
2016,13,Perisher,37561,8.4,-0.5,80.6
2016,14,Perisher,24737,7.771428571428571,0.7857142857142857,54.0
2016,15,Perisher,18080,4.685714285714285,-1.0714285714285714,96.2
2017,1,Perisher,18739,9.428571428571429,-2.5714285714285716,0.8
2017,2,Perisher,8792,9.885714285714286,-4.228571428571429,0.0
2017,3,Perisher,15236,2.857142857142857,-4.8999999999999995,1.5999999999999999
2017,4,Perisher,34802,2.8142857142857145,-4.914285714285714,49.6
2017,5,Perisher,64376,0.7571428571428571,-5.642857142857143,5.8
2017,6,Perisher,76620,1.5,-4.242857142857143,35.6
2017,7,Perisher,56369,2.0571428571428574,-4.228571428571429,40.0
2017,8,Perisher,53570,3.8428571428571425,-3.557142857142857,23.4
2017,9,Perisher,60063,1.7571428571428573,-2.742857142857143,91.2
2017,10,Perisher,72515,2.5714285714285716,-0.12857142857142853,206.4
2017,11,Perisher,70718,0.7857142857142857,-4.928571428571429,43.6
2017,12,Perisher,65364,2.6,-8.171428571428573,7.4
2017,13,Perisher,52565,2.9285714285714284,-3.9857142857142853,54.4
2017,14,Perisher,48963,5.071428571428571,-1.0714285714285714,35.0
2017,15,Perisher,34698,6.528571428571429,-2.3285714285714287,50.2
2018,1,Perisher,14866,2.9714285714285715,-2.2285714285714286,86.4
2018,2,Perisher,11276,1.7714285714285716,-5.242857142857143,53.0
2018,3,Perisher,22795,4.785714285714286,-4.914285714285714,7.199999999999999
2018,4,Perisher,37741,4.6571428571428575,-3.4857142857142853,20.2
2018,5,Perisher,71310,2.457142857142857,-6.142857142857143,53.4
2018,6,Perisher,93226,1.8714285714285714,-5.271428571428571,29.0
2018,7,Perisher,61632,2.1,-5.014285714285714,33.2
2018,8,Perisher,55592,3.085714285714286,-2.7857142857142856,50.8
2018,9,Perisher,65256,2.2142857142857144,-3.057142857142857,103.4
2018,10,Perisher,69540,2.3285714285714287,-2.7285714285714286,60.2
2018,11,Perisher,70211,0.9142857142857144,-5.957142857142857,46.6
2018,12,Perisher,70681,3.7714285714285714,-6.685714285714285,2.6
2018,13,Perisher,54342,4.371428571428572,-3.3857142857142857,68.4
2018,14,Perisher,46265,8.385714285714286,-0.0714285714285715,0.0
2018,15,Perisher,30146,5.457142857142857,-3.057142857142857,9.0
2019,1,Perisher,24730,5.328571428571428,1.6142857142857143,67.2
2019,2,Perisher,12913,2.6285714285714286,-6.828571428571428,2.4
2019,3,Perisher,17700,6.8428571428571425,-4.628571428571428,1.2000000000000002
2019,4,Perisher,34236,5.557142857142857,-3.6571428571428575,34.4
2019,5,Perisher,64459,1.4857142857142858,-2.4857142857142853,134.2
2019,6,Perisher,72800,2.5428571428571423,-3.3000000000000003,41.8
2019,7,Perisher,60123,4.285714285714286,-2.0285714285714285,28.0
2019,8,Perisher,58944,5.685714285714285,-4.771428571428571,4.6
2019,9,Perisher,61440,1.8000000000000003,-4.485714285714286,91.2
2019,10,Perisher,60344,3.557142857142857,-5.1000000000000005,25.6
2019,11,Perisher,77783,3.5285714285714285,-3.1714285714285713,74.6
2019,12,Perisher,71288,4.442857142857143,-6.042857142857143,4.6000000000000005
2019,13,Perisher,59693,6.385714285714286,-0.6142857142857144,42.4
2019,14,Perisher,49945,6.914285714285714,-2.8285714285714287,25.599999999999998
2019,15,Perisher,37747,8.528571428571428,0.2285714285714288,40.2
2020,1,Perisher,2987,6.0,-2.7714285714285714,51.8
2020,2,Perisher,2205,3.9714285714285715,-1.5999999999999999,75.6
2020,3,Perisher,2373,4.214285714285714,-4.071428571428571,4.2
2020,4,Perisher,6968,2.957142857142857,-3.2857142857142856,47.8
2020,5,Perisher,8403,3.9714285714285715,-4.128571428571428,76.0
2020,6,Perisher,14350,2.8000000000000003,-4.0,34.4
2020,7,Perisher,7748,5.571428571428571,-3.557142857142857,32.4
2020,8,Perisher,5264,6.428571428571429,-3.085714285714286,37.8
2020,9,Perisher,5356,1.3857142857142857,-4.357142857142857,109.8
2020,10,Perisher,3128,4.285714285714286,-0.8571428571428571,34.0
2020,11,Perisher,0,-0.12857142857142856,-3.8714285714285714,128.2
2020,12,Perisher,0,4.428571428571429,-3.857142857142857,11.200000000000001
2020,13,Perisher,0,7.228571428571429,-1.6428571428571428,0.6000000000000001
2020,14,Perisher,0,8.8,1.5142857142857142,24.6
2020,15,Perisher,0,12.157142857142857,3.542857142857143,7.4
2021,1,Perisher,6003,3.0714285714285716,-2.085714285714286,114.80000000000001
2021,2,Perisher,10901,3.1285714285714286,-3.814285714285714,15.6
2021,3,Perisher,24338,3.685714285714286,-2.642857142857143,149.4
2021,4,Perisher,43413,2.4714285714285715,-3.257142857142857,29.8
2021,5,Perisher,55654,3.8714285714285714,-5.571428571428571,0.0
2021,6,Perisher,22523,0.6714285714285715,-2.814285714285714,135.6
2021,7,Perisher,8333,0.9142857142857144,-4.528571428571429,113.4
2021,8,Perisher,29825,2.5285714285714285,-2.857142857142857,88.4
2021,9,Perisher,25409,5.085714285714286,-2.1,22.2
2021,10,Perisher,19460,3.2428571428571433,-3.042857142857143,52.2
2021,11,Perisher,18796,5.242857142857143,-0.8714285714285713,51.0
2021,12,Perisher,7640,3.0142857142857147,-2.5714285714285716,34.0
2021,13,Perisher,5871,7.428571428571429,1.1857142857142855,80.8
2021,14,Perisher,5192,5.8999999999999995,-0.39999999999999997,15.600000000000001
2021,15,Perisher,8958,4.828571428571428,-2.385714285714286,132.0
2022,1,Perisher,37439,2.4285714285714284,-4.042857142857143,9.0
2022,2,Perisher,38068,4.357142857142857,-3.6,47.8
2022,3,Perisher,42997,3.3428571428571425,-2.5142857142857147,14.2
2022,4,Perisher,68311,1.842857142857143,-2.9285714285714284,12.600000000000001
2022,5,Perisher,77499,1.9714285714285713,-5.6571428571428575,5.0
2022,6,Perisher,66744,1.2857142857142858,-6.642857142857143,61.4
2022,7,Perisher,66904,3.8714285714285714,-2.1714285714285713,20.8
2022,8,Perisher,64587,2.7714285714285714,-3.357142857142857,93.60000000000001
2022,9,Perisher,60980,2.757142857142857,-3.8285714285714287,183.8
2022,10,Perisher,65991,2.685714285714286,-2.314285714285714,86.2
2022,11,Perisher,65880,1.8857142857142857,-3.5,99.8
2022,12,Perisher,65716,7.1000000000000005,-2.2,22.200000000000003
2022,13,Perisher,49749,5.314285714285715,-4.957142857142857,4.2
2022,14,Perisher,37395,4.171428571428572,-2.442857142857143,25.8
2022,15,Perisher,32777,5.3,-0.9285714285714286,148.8
2023,1,Perisher,11226,3.0,-2.2,98.39999999999999
2023,2,Perisher,13577,2.0142857142857147,-3.9285714285714284,29.0
2023,3,Perisher,28654,0.2714285714285714,-2.685714285714286,114.0
2023,4,Perisher,59114,4.542857142857143,-1.6571428571428573,29.400000000000002
2023,5,Perisher,66365,3.0142857142857147,-1.4285714285714286,79.4
2023,6,Perisher,63478,5.142857142857143,-2.642857142857143,1.8
2023,7,Perisher,58267,5.7,-4.628571428571428,3.6
2023,8,Perisher,55647,5.571428571428571,0.19999999999999998,32.8
2023,9,Perisher,52481,6.585714285714286,-2.0571428571428574,27.4
2023,10,Perisher,54314,4.057142857142857,-4.5,10.0
2023,11,Perisher,53176,6.814285714285714,-2.0285714285714285,48.0
2023,12,Perisher,45383,7.514285714285714,-0.17142857142857146,25.6
2023,13,Perisher,30430,9.814285714285715,-1.9285714285714286,10.399999999999999
2023,14,Perisher,19256,7.957142857142857,-2.7142857142857144,54.6
2023,15,Perisher,13110,12.842857142857143,5.942857142857143,14.8
2024,1,Perisher,7198,3.6571428571428575,-2.9,105.2
2024,2,Perisher,9075,2.1285714285714286,-6.385714285714286,5.4
2024,3,Perisher,12013,3.142857142857143,-2.457142857142857,27.2
2024,4,Perisher,26583,3.085714285714286,-6.6571428571428575,56.400000000000006
2024,5,Perisher,60244,4.728571428571429,-2.414285714285714,3.8000000000000003
2024,6,Perisher,64682,0.5857142857142857,-4.0285714285714285,70.2
2024,7,Perisher,60369,3.6,-1.5142857142857142,77.6
2024,8,Perisher,57846,3.257142857142857,-7.085714285714286,12.200000000000001
2024,9,Perisher,62142,4.728571428571429,-4.457142857142857,0.0
2024,10,Perisher,55118,7.771428571428572,-0.11428571428571428,16.2
2024,11,Perisher,49136,6.3,0.08571428571428578,29.4
2024,12,Perisher,43382,4.585714285714286,0.6714285714285715,92.79999999999998
2024,13,Perisher,23908,7.985714285714286,0.6714285714285715,41.0
2024,14,Perisher,8244,8.971428571428572,-0.7285714285714285,5.4
2024,15,Perisher,5336,4.014285714285714,-2.957142857142857,35.599999999999994
2014,1,Charlotte Pass,408,5.521428571428571,-1.7928571428571427,51.3
2014,2,Charlotte Pass,151,3.9571428571428573,-1.7714285714285714,10.899999999999999
2014,3,Charlotte Pass,230,-0.07142857142857156,-3.2857142857142856,112.39999999999999
2014,4,Charlotte Pass,1134,0.8142857142857142,-3.4071428571428566,27.099999999999998
2014,5,Charlotte Pass,3403,-0.25,-4.4714285714285715,21.0
2014,6,Charlotte Pass,4305,-0.04285714285714293,-4.885714285714285,27.5
2014,7,Charlotte Pass,3236,3.1714285714285717,-4.428571428571429,4.2
2014,8,Charlotte Pass,2901,0.4714285714285715,-3.661904761904762,43.099999999999994
2014,9,Charlotte Pass,3391,3.7,-5.085714285714285,1.3
2014,10,Charlotte Pass,3549,2.7785714285714285,-7.5,5.7
2014,11,Charlotte Pass,3608,3.9999999999999996,-3.757142857142857,43.900000000000006
2014,12,Charlotte Pass,3258,5.242857142857142,-3.321428571428571,23.7
2014,13,Charlotte Pass,2837,2.757142857142857,-4.878571428571428,22.3
2014,14,Charlotte Pass,1898,5.421428571428572,-1.0214285714285716,48.9
2014,15,Charlotte Pass,995,4.342857142857143,-2.507142857142857,13.5
2015,1,Charlotte Pass,892,8.707142857142857,-2.85,3.8
2015,2,Charlotte Pass,405,2.9857142857142858,-2.621428571428571,70.1
2015,3,Charlotte Pass,501,7.857142857142858,-2.1214285714285714,0.7
2015,4,Charlotte Pass,1303,3.442857142857143,-5.864285714285714,3.4000000000000004
2015,5,Charlotte Pass,2645,1.457142857142857,-4.771428571428571,28.5
2015,6,Charlotte Pass,3211,-0.55,-6.935714285714286,21.1
2015,7,Charlotte Pass,2996,0.2285714285714287,-3.3285714285714283,53.1
2015,8,Charlotte Pass,2661,0.7,-3.8357142857142863,56.3
2015,9,Charlotte Pass,3148,-0.4928571428571429,-6.935714285714286,11.8
2015,10,Charlotte Pass,3473,1.7785714285714287,-3.914285714285714,6.2
2015,11,Charlotte Pass,3719,3.8642857142857148,-3.071428571428571,21.0
2015,12,Charlotte Pass,3358,1.6428571428571432,-3.2785714285714285,60.8
2015,13,Charlotte Pass,2909,2.9857142857142853,-3.807142857142857,23.3
2015,14,Charlotte Pass,2403,7.071428571428571,-1.8642857142857143,3.5
2015,15,Charlotte Pass,1492,5.628571428571428,-1.9,10.8
2016,1,Charlotte Pass,531,4.7214285714285715,-2.1357142857142857,77.4
2016,2,Charlotte Pass,301,3.4142857142857146,0.23571428571428577,92.6
2016,3,Charlotte Pass,1096,-0.65,-5.792857142857143,31.400000000000002
2016,4,Charlotte Pass,2705,2.75,-3.128571428571428,19.0
2016,5,Charlotte Pass,3570,0.65,-2.142857142857143,76.80000000000001
2016,6,Charlotte Pass,3316,6.347142857142858,-2.2285714285714286,19.7
2016,7,Charlotte Pass,2689,0.7357142857142857,-3.492857142857143,169.7
2016,8,Charlotte Pass,3038,1.0071428571428571,-3.507142857142857,19.1
2016,9,Charlotte Pass,3384,2.1285714285714286,-5.328571428571428,25.900000000000002
2016,10,Charlotte Pass,3549,3.4214285714285717,-3.0428571428571427,5.4
2016,11,Charlotte Pass,3259,1.6142857142857143,-2.7071428571428573,35.5
2016,12,Charlotte Pass,2951,2.5857142857142854,-4.25,71.1
2016,13,Charlotte Pass,2070,6.728571428571429,-0.9214285714285715,56.8
2016,14,Charlotte Pass,1385,6.2214285714285715,0.3214285714285714,59.8
2016,15,Charlotte Pass,979,3.3285714285714283,-1.9428571428571426,67.2
2017,1,Charlotte Pass,1030,7.385714285714286,-1.935714285714286,1.1
2017,2,Charlotte Pass,478,8.221428571428572,-2.8071428571428574,0.0
2017,3,Charlotte Pass,842,1.3,-4.814285714285714,0.8999999999999999
2017,4,Charlotte Pass,1923,1.6785714285714288,-4.921428571428571,35.7
2017,5,Charlotte Pass,3523,-0.6285714285714286,-6.021428571428571,3.6
2017,6,Charlotte Pass,4189,0.02857142857142858,-4.463095238095239,24.400000000000002
2017,7,Charlotte Pass,3031,0.7500000000000001,-4.4714285714285715,26.6
2017,8,Charlotte Pass,2928,2.3499999999999996,-4.178571428571429,16.299999999999997
2017,9,Charlotte Pass,3290,0.6214285714285714,-3.6357142857142857,46.2
2017,10,Charlotte Pass,4046,1.6357142857142857,-0.9571428571428572,148.0
2017,11,Charlotte Pass,3873,-0.5285714285714287,-5.55,24.3
2017,12,Charlotte Pass,3634,0.9714285714285714,-7.871428571428572,5.300000000000001
2017,13,Charlotte Pass,2853,1.6714285714285713,-4.2785714285714285,27.2
2017,14,Charlotte Pass,2669,3.3499999999999996,-2.15,19.4
2017,15,Charlotte Pass,1941,4.978571428571429,-2.8285714285714287,29.1
2018,1,Charlotte Pass,825,1.6714285714285715,-2.571428571428571,70.80000000000001
2018,2,Charlotte Pass,630,0.09285714285714297,-5.514285714285714,36.1
2018,3,Charlotte Pass,1264,3.2,-4.642857142857142,4.699999999999999
2018,4,Charlotte Pass,2062,3.5214285714285714,-3.4499999999999997,16.2
2018,5,Charlotte Pass,3902,0.8499999999999999,-5.942857142857143,40.8
2018,6,Charlotte Pass,5033,0.5785714285714285,-5.371428571428571,21.3
2018,7,Charlotte Pass,3344,0.9500000000000001,-5.314285714285715,24.6
2018,8,Charlotte Pass,3031,1.642857142857143,-3.557142857142857,41.2
2018,9,Charlotte Pass,3522,1.5571428571428572,-3.057142857142857,51.7
2018,10,Charlotte Pass,3849,1.05,-3.592857142857143,39.0
2018,11,Charlotte Pass,3867,-0.692857142857143,-6.4035714285714285,24.2
2018,12,Charlotte Pass,3839,2.3285714285714287,-6.151190476190476,1.5
2018,13,Charlotte Pass,2943,2.475714285714286,-4.192857142857143,39.900000000000006
2018,14,Charlotte Pass,2542,7.335714285714285,-0.6142857142857143,0.0
2018,15,Charlotte Pass,1688,4.453571428571429,-3.1452380952380947,7.3
2019,1,Charlotte Pass,1385,4.242857142857143,0.9357142857142857,70.30000000000001
2019,2,Charlotte Pass,700,0.9428571428571428,-6.828571428571428,3.0
2019,3,Charlotte Pass,992,5.271428571428571,-4.535714285714286,0.8
2019,4,Charlotte Pass,1904,4.571428571428571,-3.8642857142857143,29.0
2019,5,Charlotte Pass,3584,0.4428571428571429,-3.0928571428571425,95.19999999999999
2019,6,Charlotte Pass,3998,0.8857142857142855,-4.285714285714286,24.299999999999997
2019,7,Charlotte Pass,3377,3.2714285714285714,-2.4714285714285715,19.3
2019,8,Charlotte Pass,3318,4.142857142857142,-4.392857142857142,4.2
2019,9,Charlotte Pass,3449,0.7642857142857145,-4.328571428571429,54.7
2019,10,Charlotte Pass,3258,1.957142857142857,-5.357142857142858,14.600000000000001
2019,11,Charlotte Pass,4333,1.7,-4.085714285714285,45.199999999999996
2019,12,Charlotte Pass,3980,3.2857142857142856,-6.157142857142857,3.8000000000000003
2019,13,Charlotte Pass,3238,5.242857142857143,-0.9904761904761905,28.5
2019,14,Charlotte Pass,2733,5.142857142857142,-3.1285714285714286,16.2
2019,15,Charlotte Pass,2018,6.857142857142857,-0.33571428571428563,39.8
2020,1,Charlotte Pass,161,5.042857142857143,-2.5285714285714285,48.3
2020,2,Charlotte Pass,122,3.2857142857142856,-1.6857142857142857,68.9
2020,3,Charlotte Pass,133,2.6571428571428575,-4.65,2.6
2020,4,Charlotte Pass,379,1.6857142857142855,-3.7857142857142856,37.699999999999996
2020,5,Charlotte Pass,457,2.7714285714285714,-3.5357142857142856,53.1
2020,6,Charlotte Pass,765,1.4285714285714286,-4.514285714285714,34.099999999999994
2020,7,Charlotte Pass,422,4.107142857142857,-2.914285714285714,23.9
2020,8,Charlotte Pass,286,4.9,-2.7785714285714285,32.1
2020,9,Charlotte Pass,292,0.29285714285714287,-4.835714285714285,74.4
2020,10,Charlotte Pass,176,2.9285714285714284,-1.6285714285714286,35.1
2020,11,Charlotte Pass,0,-1.3642857142857143,-4.514285714285714,78.1
2020,12,Charlotte Pass,0,2.4071428571428575,-4.542857142857143,8.3
2020,13,Charlotte Pass,0,6.021428571428572,-1.9357142857142857,0.7
2020,14,Charlotte Pass,0,7.614285714285715,0.7357142857142857,20.9
2020,15,Charlotte Pass,0,10.428571428571427,3.2642857142857142,12.899999999999999
2021,1,Charlotte Pass,323,1.4440476190476192,-2.7261904761904763,81.0
2021,2,Charlotte Pass,597,1.5642857142857143,-4.1,13.9
2021,3,Charlotte Pass,1307,2.4071428571428575,-3.3357142857142854,123.9
2021,4,Charlotte Pass,2355,1.2142857142857144,-3.435714285714286,18.3
2021,5,Charlotte Pass,3029,2.2285714285714286,-5.235714285714286,0.0
2021,6,Charlotte Pass,1219,0.33571428571428574,-2.7696428571428573,82.89999999999999
2021,7,Charlotte Pass,468,0.9142857142857144,-4.528571428571429,56.7
2021,8,Charlotte Pass,1653,0.2142857142857142,-3.3785714285714286,44.2
2021,9,Charlotte Pass,1388,3.3642857142857148,-3.0999999999999996,13.1
2021,10,Charlotte Pass,1036,3.2428571428571433,-2.3214285714285716,26.1
2021,11,Charlotte Pass,1046,3.5314285714285716,-1.1107142857142855,40.9
2021,12,Charlotte Pass,424,1.985714285714286,-3.385714285714286,23.2
2021,13,Charlotte Pass,329,5.814285714285715,0.021428571428571352,99.69999999999999
2021,14,Charlotte Pass,286,4.521428571428571,-0.9642857142857142,10.200000000000001
2021,15,Charlotte Pass,504,3.5999999999999996,-3.128571428571429,98.0
2022,1,Charlotte Pass,2109,0.8714285714285713,-4.364285714285714,5.0
2022,2,Charlotte Pass,2110,3.0285714285714285,-3.492857142857143,37.5
2022,3,Charlotte Pass,2385,2.4285714285714284,-3.0142857142857147,12.0
2022,4,Charlotte Pass,3705,1.6357142857142857,-3.75,7.6000000000000005
2022,5,Charlotte Pass,4232,0.49285714285714277,-5.514285714285714,3.5999999999999996
2022,6,Charlotte Pass,3615,-0.06428571428571428,-6.521428571428571,34.9
2022,7,Charlotte Pass,3723,2.4857142857142858,-2.95,21.8
2022,8,Charlotte Pass,3536,1.5142857142857142,-4.235714285714286,63.60000000000001
2022,9,Charlotte Pass,3441,1.4285714285714286,-4.057142857142857,158.3
2022,10,Charlotte Pass,3634,1.3071428571428572,-2.9142857142857146,55.5
2022,11,Charlotte Pass,3603,0.6785714285714286,-4.007142857142857,72.1
2022,12,Charlotte Pass,3644,4.828571428571429,-2.8,23.400000000000002
2022,13,Charlotte Pass,2794,4.378571428571429,-5.157142857142857,2.4000000000000004
2022,14,Charlotte Pass,2038,2.8714285714285714,-2.857142857142857,30.6
2022,15,Charlotte Pass,1829,3.664285714285714,-1.9642857142857144,92.80000000000001
2023,1,Charlotte Pass,605,1.9285714285714286,-2.6428571428571432,75.0
2023,2,Charlotte Pass,741,0.5500000000000003,-4.057142857142857,17.2
2023,3,Charlotte Pass,1607,-0.6928571428571428,-3.6285714285714286,70.1
2023,4,Charlotte Pass,3258,2.6357142857142857,-2.585714285714286,25.200000000000003
2023,5,Charlotte Pass,3688,1.842857142857143,-2.221428571428571,45.7
2023,6,Charlotte Pass,3573,4.178571428571429,-3.0,1.7000000000000002
2023,7,Charlotte Pass,3165,4.357142857142857,-4.371428571428572,2.4
2023,8,Charlotte Pass,3090,4.564285714285714,-0.4357142857142857,20.4
2023,9,Charlotte Pass,2884,5.28452380952381,-2.085714285714286,31.7
2023,10,Charlotte Pass,2901,2.5428571428571427,-4.535714285714286,8.7
2023,11,Charlotte Pass,2949,5.257142857142857,-2.1142857142857143,35.9
2023,12,Charlotte Pass,2480,5.932142857142857,-0.2157142857142857,23.5
2023,13,Charlotte Pass,1650,7.857142857142858,-3.5392857142857146,8.2
2023,14,Charlotte Pass,1037,7.957142857142857,-2.7142857142857144,45.8
2023,15,Charlotte Pass,705,12.842857142857143,5.942857142857143,12.7
2024,1,Charlotte Pass,392,2.7071428571428573,-3.0857142857142854,72.1
2024,2,Charlotte Pass,505,0.7142857142857142,-6.228571428571429,3.3000000000000003
2024,3,Charlotte Pass,677,1.7571428571428571,-3.007142857142857,20.4
2024,4,Charlotte Pass,1460,1.1857142857142857,-7.228571428571429,37.300000000000004
2024,5,Charlotte Pass,3268,3.4785714285714286,-2.442857142857143,6.2
2024,6,Charlotte Pass,3602,-0.5214285714285714,-4.657142857142857,43.3
2024,7,Charlotte Pass,3271,2.1357142857142857,-2.835714285714286,51.0
2024,8,Charlotte Pass,3164,1.6,-7.314285714285715,8.4
2024,9,Charlotte Pass,3457,3.5357142857142856,-4.414285714285715,0.0
2024,10,Charlotte Pass,3084,6.050000000000001,-0.4785714285714286,16.9
2024,11,Charlotte Pass,2667,4.9,-0.30714285714285716,29.6
2024,12,Charlotte Pass,2392,3.542857142857143,-0.2499999999999999,81.1
2024,13,Charlotte Pass,1323,6.3,-0.01428571428571429,32.3
2024,14,Charlotte Pass,454,7.414285714285715,-0.9857142857142855,8.4
2024,15,Charlotte Pass,294,2.442857142857143,-3.6071428571428568,25.799999999999997
